Entity,Code,Year,Prevalence of current tobacco use (% of adults),Prevalence of current tobacco use (% of adults),Year,Continent
Abkhazia,OWID_ABK,2015,,,,Asia
Afghanistan,AFG,2015,,,,Asia
Africa Eastern and Southern,,2007,19.2927697628975,14.662273186829,2018,
Africa Eastern and Southern,,2010,17.8816283461427,14.662273186829,2018,
Africa Eastern and Southern,,2012,16.9736120531093,14.662273186829,2018,
Africa Eastern and Southern,,2014,16.1418192164527,14.662273186829,2018,
Africa Eastern and Southern,,2016,15.3917680642914,14.662273186829,2018,
Africa Eastern and Southern,,2018,14.662273186829,14.662273186829,2018,
Africa Western and Central,,2007,9.43579539292609,7.62886454977302,2018,
Africa Western and Central,,2010,8.84538935698053,7.62886454977302,2018,
Africa Western and Central,,2012,8.47250133053276,7.62886454977302,2018,
Africa Western and Central,,2014,8.16395428731273,7.62886454977302,2018,
Africa Western and Central,,2016,7.8724474958932,7.62886454977302,2018,
Africa Western and Central,,2018,7.62886454977302,7.62886454977302,2018,
Akrotiri and Dhekelia,OWID_AKD,2015,,,,Asia
Albania,ALB,2007,32,29.2,2018,
Albania,ALB,2010,31.1,29.2,2018,
Albania,ALB,2012,30.5,29.2,2018,
Albania,ALB,2014,30.1,29.2,2018,
Albania,ALB,2016,29.7,29.2,2018,
Albania,ALB,2018,29.2,29.2,2018,
Albania,ALB,2015,,,,Europe
Algeria,DZA,2007,20.8,18.8,2018,
Algeria,DZA,2010,20,18.8,2018,
Algeria,DZA,2012,19.8,18.8,2018,
Algeria,DZA,2014,19.4,18.8,2018,
Algeria,DZA,2016,19.1,18.8,2018,
Algeria,DZA,2018,18.8,18.8,2018,
Algeria,DZA,2015,,,,Africa
American Samoa,ASM,2015,,,,Oceania
Andorra,AND,2007,35.1,33.8,2018,
Andorra,AND,2010,34.7,33.8,2018,
Andorra,AND,2012,34.5,33.8,2018,
Andorra,AND,2014,34.1,33.8,2018,
Andorra,AND,2016,33.9,33.8,2018,
Andorra,AND,2018,33.8,33.8,2018,
Andorra,AND,2015,,,,Europe
Angola,AGO,2015,,,,Africa
Anguilla,AIA,2015,,,,North America
Antarctica,ATA,2015,,,,Antarctica
Antigua and Barbuda,ATG,2015,,,,North America
Arab World,,2007,22.1332169793051,20.0474051278364,2018,
Arab World,,2010,21.3419253251007,20.0474051278364,2018,
Arab World,,2012,20.9438020217707,20.0474051278364,2018,
Arab World,,2014,20.6900391932896,20.0474051278364,2018,
Arab World,,2016,20.3230937278064,20.0474051278364,2018,
Arab World,,2018,20.0474051278364,20.0474051278364,2018,
Argentina,ARG,2007,34.1,21.8,2018,
Argentina,ARG,2010,30.1,21.8,2018,
Argentina,ARG,2012,27.8,21.8,2018,
Argentina,ARG,2014,25.6,21.8,2018,
Argentina,ARG,2016,23.6,21.8,2018,
Argentina,ARG,2018,21.8,21.8,2018,
Argentina,ARG,2015,,,,South America
Armenia,ARM,2007,31.3,26.7,2018,
Armenia,ARM,2010,30,26.7,2018,
Armenia,ARM,2012,29.1,26.7,2018,
Armenia,ARM,2014,28.3,26.7,2018,
Armenia,ARM,2016,27.5,26.7,2018,
Armenia,ARM,2018,26.7,26.7,2018,
Armenia,ARM,2015,,,,Asia
Aruba,ABW,2015,,,,North America
Australia,AUS,2007,22.4,16.2,2018,
Australia,AUS,2010,20.4,16.2,2018,
Australia,AUS,2012,19.3,16.2,2018,
Australia,AUS,2014,18.2,16.2,2018,
Australia,AUS,2016,17.1,16.2,2018,
Australia,AUS,2018,16.2,16.2,2018,
Australia,AUS,2015,,,,Oceania
Austria,AUT,2007,39.4,29.1,2018,
Austria,AUT,2010,36.1,29.1,2018,
Austria,AUT,2012,34.2,29.1,2018,
Austria,AUT,2014,32.5,29.1,2018,
Austria,AUT,2016,30.7,29.1,2018,
Austria,AUT,2018,29.1,29.1,2018,
Austria,AUT,2015,,,,Europe
Austria-Hungary,OWID_AUH,2015,,,,Europe
Azerbaijan,AZE,2007,24.2,19.6,2018,
Azerbaijan,AZE,2010,22.8,19.6,2018,
Azerbaijan,AZE,2012,21.9,19.6,2018,
Azerbaijan,AZE,2014,21.1,19.6,2018,
Azerbaijan,AZE,2016,20.3,19.6,2018,
Azerbaijan,AZE,2018,19.6,19.6,2018,
Azerbaijan,AZE,2015,,,,Asia
Baden,OWID_BAD,2015,,,,Europe
Bahamas,BHS,2007,11.3,10.9,2018,
Bahamas,BHS,2010,11.1,10.9,2018,
Bahamas,BHS,2012,11,10.9,2018,
Bahamas,BHS,2014,11,10.9,2018,
Bahamas,BHS,2016,10.9,10.9,2018,
Bahamas,BHS,2018,10.9,10.9,2018,
Bahamas,BHS,2015,,,,North America
Bahrain,BHR,2007,26.5,25.1,2018,
Bahrain,BHR,2010,26,25.1,2018,
Bahrain,BHR,2012,25.7,25.1,2018,
Bahrain,BHR,2014,25.5,25.1,2018,
Bahrain,BHR,2016,25.3,25.1,2018,
Bahrain,BHR,2018,25.1,25.1,2018,
Bahrain,BHR,2015,,,,Asia
Bangladesh,BGD,2007,45.5,39.1,2018,
Bangladesh,BGD,2010,43.5,39.1,2018,
Bangladesh,BGD,2012,42.3,39.1,2018,
Bangladesh,BGD,2014,41.1,39.1,2018,
Bangladesh,BGD,2016,40.1,39.1,2018,
Bangladesh,BGD,2018,39.1,39.1,2018,
Bangladesh,BGD,2015,,,,Asia
Barbados,BRB,2007,9.6,8.7,2018,
Barbados,BRB,2010,9.3,8.7,2018,
Barbados,BRB,2012,9.1,8.7,2018,
Barbados,BRB,2014,8.9,8.7,2018,
Barbados,BRB,2016,8.8,8.7,2018,
Barbados,BRB,2018,8.7,8.7,2018,
Barbados,BRB,2015,,,,North America
Bavaria,OWID_BAV,2015,,,,Europe
Belarus,BLR,2007,32.6,26.6,2018,
Belarus,BLR,2010,31,26.6,2018,
Belarus,BLR,2012,29.7,26.6,2018,
Belarus,BLR,2014,28.7,26.6,2018,
Belarus,BLR,2016,27.5,26.6,2018,
Belarus,BLR,2018,26.6,26.6,2018,
Belarus,BLR,2015,,,,Europe
Belgium,BEL,2007,27.8,25,2018,
Belgium,BEL,2010,27,25,2018,
Belgium,BEL,2012,26.5,25,2018,
Belgium,BEL,2014,25.9,25,2018,
Belgium,BEL,2016,25.5,25,2018,
Belgium,BEL,2018,25,25,2018,
Belgium,BEL,2015,,,,Europe
Belize,BLZ,2015,,,,North America
Benin,BEN,2007,12.1,7.2,2018,
Benin,BEN,2010,10.4,7.2,2018,
Benin,BEN,2012,9.5,7.2,2018,
Benin,BEN,2014,8.7,7.2,2018,
Benin,BEN,2016,7.8,7.2,2018,
Benin,BEN,2018,7.2,7.2,2018,
Benin,BEN,2015,,,,Africa
Bermuda,BMU,2015,,,,North America
Bhutan,BTN,2015,,,,Asia
Bolivia,BOL,2015,,,,South America
Bonaire Sint Eustatius and Saba,BES,2015,,,,North America
Bosnia and Herzegovina,BIH,2007,42.8,38.3,2018,
Bosnia and Herzegovina,BIH,2010,41.4,38.3,2018,
Bosnia and Herzegovina,BIH,2012,40.6,38.3,2018,
Bosnia and Herzegovina,BIH,2014,39.7,38.3,2018,
Bosnia and Herzegovina,BIH,2016,39.1,38.3,2018,
Bosnia and Herzegovina,BIH,2018,38.3,38.3,2018,
Bosnia and Herzegovina,BIH,2015,,,,Europe
Botswana,BWA,2007,27.7,23.7,2018,
Botswana,BWA,2010,26.4,23.7,2018,
Botswana,BWA,2012,25.6,23.7,2018,
Botswana,BWA,2014,24.9,23.7,2018,
Botswana,BWA,2016,24.3,23.7,2018,
Botswana,BWA,2018,23.7,23.7,2018,
Botswana,BWA,2015,,,,Africa
Bouvet Island,BVT,2015,,,,Antarctica
Brazil,BRA,2007,25,16.5,2018,
Brazil,BRA,2010,22.3,16.5,2018,
Brazil,BRA,2012,20.7,16.5,2018,
Brazil,BRA,2014,19.2,16.5,2018,
Brazil,BRA,2016,17.8,16.5,2018,
Brazil,BRA,2018,16.5,16.5,2018,
Brazil,BRA,2015,,,,South America
British Indian Ocean Territory,IOT,2015,,,,Asia
British Virgin Islands,VGB,2015,,,,North America
Brunei,BRN,2007,16.5,15.5,2018,
Brunei,BRN,2010,16.1,15.5,2018,
Brunei,BRN,2012,16,15.5,2018,
Brunei,BRN,2014,15.8,15.5,2018,
Brunei,BRN,2016,15.7,15.5,2018,
Brunei,BRN,2018,15.5,15.5,2018,
Brunei,BRN,2015,,,,Asia
Bulgaria,BGR,2007,44.8,38.9,2018,
Bulgaria,BGR,2010,43.1,38.9,2018,
Bulgaria,BGR,2012,42,38.9,2018,
Bulgaria,BGR,2014,41.1,38.9,2018,
Bulgaria,BGR,2016,40.1,38.9,2018,
Bulgaria,BGR,2018,38.9,38.9,2018,
Bulgaria,BGR,2015,,,,Europe
Burkina Faso,BFA,2007,22.7,16,2018,
Burkina Faso,BFA,2010,20.4,16,2018,
Burkina Faso,BFA,2012,19.1,16,2018,
Burkina Faso,BFA,2014,18,16,2018,
Burkina Faso,BFA,2016,16.9,16,2018,
Burkina Faso,BFA,2018,16,16,2018,
Burkina Faso,BFA,2015,,,,Africa
Burundi,BDI,2007,16.9,12.6,2018,
Burundi,BDI,2010,15.5,12.6,2018,
Burundi,BDI,2012,14.8,12.6,2018,
Burundi,BDI,2014,14,12.6,2018,
Burundi,BDI,2016,13.2,12.6,2018,
Burundi,BDI,2018,12.6,12.6,2018,
Burundi,BDI,2015,,,,Africa
Cambodia,KHM,2007,34.6,21.8,2018,
Cambodia,KHM,2010,30.6,21.8,2018,
Cambodia,KHM,2012,28.1,21.8,2018,
Cambodia,KHM,2014,25.8,21.8,2018,
Cambodia,KHM,2016,23.6,21.8,2018,
Cambodia,KHM,2018,21.8,21.8,2018,
Cambodia,KHM,2015,,,,Asia
Cameroon,CMR,2007,9.7,9.3,2018,
Cameroon,CMR,2010,9.6,9.3,2018,
Cameroon,CMR,2012,9.5,9.3,2018,
Cameroon,CMR,2014,9.4,9.3,2018,
Cameroon,CMR,2016,9.4,9.3,2018,
Cameroon,CMR,2018,9.3,9.3,2018,
Cameroon,CMR,2015,,,,Africa
Canada,CAN,2007,28.1,17.5,2018,
Canada,CAN,2010,24.7,17.5,2018,
Canada,CAN,2012,22.6,17.5,2018,
Canada,CAN,2014,20.7,17.5,2018,
Canada,CAN,2016,19.1,17.5,2018,
Canada,CAN,2018,17.5,17.5,2018,
Canada,CAN,2015,,,,North America
Cape Verde,CPV,2015,,,,Africa
Cayman Islands,CYM,2015,,,,North America
Central African Republic,CAF,2015,,,,Africa
Central Europe and the Baltics,,2007,34.8730670012952,28.7830049372067,2018,
Central Europe and the Baltics,,2010,32.9882790287427,28.7830049372067,2018,
Central Europe and the Baltics,,2012,31.850320642345,28.7830049372067,2018,
Central Europe and the Baltics,,2014,30.7687841139455,28.7830049372067,2018,
Central Europe and the Baltics,,2016,29.7880478836802,28.7830049372067,2018,
Central Europe and the Baltics,,2018,28.7830049372067,28.7830049372067,2018,
Chad,TCD,2007,13.6,11.8,2018,
Chad,TCD,2010,13,11.8,2018,
Chad,TCD,2012,12.6,11.8,2018,
Chad,TCD,2014,12.3,11.8,2018,
Chad,TCD,2016,12.1,11.8,2018,
Chad,TCD,2018,11.8,11.8,2018,
Chad,TCD,2015,,,,Africa
Channel Islands,OWID_CIS,2015,,,,Europe
Chile,CHL,2007,49.6,44.7,2018,
Chile,CHL,2010,48.3,44.7,2018,
Chile,CHL,2012,47.2,44.7,2018,
Chile,CHL,2014,46.2,44.7,2018,
Chile,CHL,2016,45.5,44.7,2018,
Chile,CHL,2018,44.7,44.7,2018,
Chile,CHL,2015,,,,South America
China,CHN,2007,27.3,24.7,2018,
China,CHN,2010,26.6,24.7,2018,
China,CHN,2012,26.1,24.7,2018,
China,CHN,2014,25.5,24.7,2018,
China,CHN,2016,25.1,24.7,2018,
China,CHN,2018,24.7,24.7,2018,
China,CHN,2015,,,,Asia
Christmas Island,CXR,2015,,,,Asia
Cocos Islands,CCK,2015,,,,Asia
Colombia,COL,2007,12.4,7.9,2018,
Colombia,COL,2010,11,7.9,2018,
Colombia,COL,2012,10.1,7.9,2018,
Colombia,COL,2014,9.3,7.9,2018,
Colombia,COL,2016,8.6,7.9,2018,
Colombia,COL,2018,7.9,7.9,2018,
Colombia,COL,2015,,,,South America
Comoros,COM,2007,30.4,19.5,2018,
Comoros,COM,2010,26.6,19.5,2018,
Comoros,COM,2012,24.4,19.5,2018,
Comoros,COM,2014,22.6,19.5,2018,
Comoros,COM,2016,20.9,19.5,2018,
Comoros,COM,2018,19.5,19.5,2018,
Comoros,COM,2015,,,,Africa
Congo,COG,2007,12.6,16.1,2018,
Congo,COG,2010,13.5,16.1,2018,
Congo,COG,2012,14,16.1,2018,
Congo,COG,2014,14.7,16.1,2018,
Congo,COG,2016,15.4,16.1,2018,
Congo,COG,2018,16.1,16.1,2018,
Congo,COG,2015,,,,Africa
Cook Islands,COK,2015,,,,Oceania
Costa Rica,CRI,2007,14.2,9.8,2018,
Costa Rica,CRI,2010,12.8,9.8,2018,
Costa Rica,CRI,2012,11.9,9.8,2018,
Costa Rica,CRI,2014,11.2,9.8,2018,
Costa Rica,CRI,2016,10.5,9.8,2018,
Costa Rica,CRI,2018,9.8,9.8,2018,
Costa Rica,CRI,2015,,,,North America
Cote d'Ivoire,CIV,2007,16.9,13,2018,
Cote d'Ivoire,CIV,2010,15.6,13,2018,
Cote d'Ivoire,CIV,2012,14.9,13,2018,
Cote d'Ivoire,CIV,2014,14.2,13,2018,
Cote d'Ivoire,CIV,2016,13.4,13,2018,
Cote d'Ivoire,CIV,2018,13,13,2018,
Cote d'Ivoire,CIV,2015,,,,Africa
Croatia,HRV,2007,35.3,36.6,2018,
Croatia,HRV,2010,35.6,36.6,2018,
Croatia,HRV,2012,35.8,36.6,2018,
Croatia,HRV,2014,36.1,36.6,2018,
Croatia,HRV,2016,36.3,36.6,2018,
Croatia,HRV,2018,36.6,36.6,2018,
Croatia,HRV,2015,,,,Europe
Cuba,CUB,2007,37.8,27.1,2018,
Cuba,CUB,2010,34.4,27.1,2018,
Cuba,CUB,2012,32.3,27.1,2018,
Cuba,CUB,2014,30.4,27.1,2018,
Cuba,CUB,2016,28.6,27.1,2018,
Cuba,CUB,2018,27.1,27.1,2018,
Cuba,CUB,2015,,,,North America
Curacao,CUW,2015,,,,North America
Cyprus,CYP,2007,40,36.7,2018,
Cyprus,CYP,2010,38.8,36.7,2018,
Cyprus,CYP,2012,38.3,36.7,2018,
Cyprus,CYP,2014,37.6,36.7,2018,
Cyprus,CYP,2016,37.1,36.7,2018,
Cyprus,CYP,2018,36.7,36.7,2018,
Cyprus,CYP,2015,,,,Europe
Czechia,CZE,2007,33.4,31.5,2018,
Czechia,CZE,2010,32.9,31.5,2018,
Czechia,CZE,2012,32.5,31.5,2018,
Czechia,CZE,2014,32.2,31.5,2018,
Czechia,CZE,2016,31.9,31.5,2018,
Czechia,CZE,2018,31.5,31.5,2018,
Czechia,CZE,2015,,,,Europe
Czechoslovakia,OWID_CZS,2015,,,,Europe
Democratic Republic of Congo,COD,2015,,,,Africa
Denmark,DNK,2007,28.5,18.6,2018,
Denmark,DNK,2010,25.3,18.6,2018,
Denmark,DNK,2012,23.4,18.6,2018,
Denmark,DNK,2014,21.6,18.6,2018,
Denmark,DNK,2016,20,18.6,2018,
Denmark,DNK,2018,18.6,18.6,2018,
Denmark,DNK,2015,,,,Europe
Djibouti,DJI,2015,,,,Africa
Dominica,DMA,2015,,,,North America
Dominican Republic,DOM,2007,14.3,9.4,2018,
Dominican Republic,DOM,2010,12.6,9.4,2018,
Dominican Republic,DOM,2012,11.7,9.4,2018,
Dominican Republic,DOM,2014,10.8,9.4,2018,
Dominican Republic,DOM,2016,10.1,9.4,2018,
Dominican Republic,DOM,2018,9.4,9.4,2018,
Dominican Republic,DOM,2015,,,,North America
Early-demographic dividend,,2007,33.8560093582259,25.645505885434,2018,
Early-demographic dividend,,2010,31.2024617538898,25.645505885434,2018,
Early-demographic dividend,,2012,29.625698878998,25.645505885434,2018,
Early-demographic dividend,,2014,28.1921065503036,25.645505885434,2018,
Early-demographic dividend,,2016,26.8954257191129,25.645505885434,2018,
Early-demographic dividend,,2018,25.645505885434,25.645505885434,2018,
East Asia & Pacific,,2007,29.3169402336372,26.0975233390865,2018,
East Asia & Pacific,,2010,28.3751114439679,26.0975233390865,2018,
East Asia & Pacific,,2012,27.7505753994429,26.0975233390865,2018,
East Asia & Pacific,,2014,27.0904474233234,26.0975233390865,2018,
East Asia & Pacific,,2016,26.5720926164895,26.0975233390865,2018,
East Asia & Pacific,,2018,26.0975233390865,26.0975233390865,2018,
East Asia & Pacific (IDA & IBRD),,2007,29.6570230965349,26.7994157841112,2018,
East Asia & Pacific (IDA & IBRD),,2010,28.8370158780332,26.7994157841112,2018,
East Asia & Pacific (IDA & IBRD),,2012,28.2813440493918,26.7994157841112,2018,
East Asia & Pacific (IDA & IBRD),,2014,27.6786887472648,26.7994157841112,2018,
East Asia & Pacific (IDA & IBRD),,2016,27.2208084667752,26.7994157841112,2018,
East Asia & Pacific (IDA & IBRD),,2018,26.7994157841112,26.7994157841112,2018,
East Asia & Pacific (excluding high income),,2007,29.5363619027461,26.6959195857211,2018,
East Asia & Pacific (excluding high income),,2010,28.7201597840019,26.6959195857211,2018,
East Asia & Pacific (excluding high income),,2012,28.1675466219976,26.6959195857211,2018,
East Asia & Pacific (excluding high income),,2014,27.5688262981859,26.6959195857211,2018,
East Asia & Pacific (excluding high income),,2016,27.1143489836645,26.6959195857211,2018,
East Asia & Pacific (excluding high income),,2018,26.6959195857211,26.6959195857211,2018,
East Germany,OWID_GDR,2015,,,,Europe
Ecuador,ECU,2015,,,,South America
Egypt,EGY,2007,21.3,21.4,2018,
Egypt,EGY,2010,21.2,21.4,2018,
Egypt,EGY,2012,21.1,21.4,2018,
Egypt,EGY,2014,21.3,21.4,2018,
Egypt,EGY,2016,21.3,21.4,2018,
Egypt,EGY,2018,21.4,21.4,2018,
Egypt,EGY,2015,,,,Africa
El Salvador,SLV,2007,16.2,12.7,2018,
El Salvador,SLV,2010,15.1,12.7,2018,
El Salvador,SLV,2012,14.5,12.7,2018,
El Salvador,SLV,2014,13.8,12.7,2018,
El Salvador,SLV,2016,13.3,12.7,2018,
El Salvador,SLV,2018,12.7,12.7,2018,
El Salvador,SLV,2015,,,,North America
Equatorial Guinea,GNQ,2015,,,,Africa
Eritrea,ERI,2007,10.2,7.2,2018,
Eritrea,ERI,2010,9.2,7.2,2018,
Eritrea,ERI,2012,8.7,7.2,2018,
Eritrea,ERI,2014,8.2,7.2,2018,
Eritrea,ERI,2016,7.7,7.2,2018,
Eritrea,ERI,2018,7.2,7.2,2018,
Eritrea,ERI,2015,,,,Africa
Eritrea and Ethiopia,OWID_ERE,2015,,,,Africa
Estonia,EST,2007,36.4,30.5,2018,
Estonia,EST,2010,34.7,30.5,2018,
Estonia,EST,2012,33.6,30.5,2018,
Estonia,EST,2014,32.4,30.5,2018,
Estonia,EST,2016,31.5,30.5,2018,
Estonia,EST,2018,30.5,30.5,2018,
Estonia,EST,2015,,,,Europe
Eswatini,SWZ,2007,11.4,10.7,2018,
Eswatini,SWZ,2010,11.1,10.7,2018,
Eswatini,SWZ,2012,11,10.7,2018,
Eswatini,SWZ,2014,10.9,10.7,2018,
Eswatini,SWZ,2016,10.8,10.7,2018,
Eswatini,SWZ,2018,10.7,10.7,2018,
Eswatini,SWZ,2015,,,,Africa
Ethiopia,ETH,2007,5.8,4.6,2018,
Ethiopia,ETH,2010,5.5,4.6,2018,
Ethiopia,ETH,2012,5.2,4.6,2018,
Ethiopia,ETH,2014,5,4.6,2018,
Ethiopia,ETH,2016,4.8,4.6,2018,
Ethiopia,ETH,2018,4.6,4.6,2018,
Ethiopia,ETH,2015,,,,Africa
Euro area,,2007,31.2503690720709,28.3700348332113,2018,
Euro area,,2010,30.3955085351369,28.3700348332113,2018,
Euro area,,2012,29.8388431729203,28.3700348332113,2018,
Euro area,,2014,29.3177923892057,28.3700348332113,2018,
Euro area,,2016,28.8418282168692,28.3700348332113,2018,
Euro area,,2018,28.3700348332113,28.3700348332113,2018,
Europe & Central Asia,,2007,31.4629296971278,26.8811882547014,2018,
Europe & Central Asia,,2010,29.9787295832595,26.8811882547014,2018,
Europe & Central Asia,,2012,29.1086667141577,26.8811882547014,2018,
Europe & Central Asia,,2014,28.3111322621251,26.8811882547014,2018,
Europe & Central Asia,,2016,27.5610671427367,26.8811882547014,2018,
Europe & Central Asia,,2018,26.8811882547014,26.8811882547014,2018,
Europe & Central Asia (IDA & IBRD),,2007,31.6677996259511,26.9264598802082,2018,
Europe & Central Asia (IDA & IBRD),,2010,30.2388539488992,26.9264598802082,2018,
Europe & Central Asia (IDA & IBRD),,2012,29.2832774738984,26.9264598802082,2018,
Europe & Central Asia (IDA & IBRD),,2014,28.4444085192225,26.9264598802082,2018,
Europe & Central Asia (IDA & IBRD),,2016,27.6206404670156,26.9264598802082,2018,
Europe & Central Asia (IDA & IBRD),,2018,26.9264598802082,26.9264598802082,2018,
Europe & Central Asia (excluding high income),,2007,31.3675043535497,26.9140464037199,2018,
Europe & Central Asia (excluding high income),,2010,30.0330785844008,26.9140464037199,2018,
Europe & Central Asia (excluding high income),,2012,29.1221004289851,26.9140464037199,2018,
Europe & Central Asia (excluding high income),,2014,28.3395718551876,26.9140464037199,2018,
Europe & Central Asia (excluding high income),,2016,27.5446458449866,26.9140464037199,2018,
Europe & Central Asia (excluding high income),,2018,26.9140464037199,26.9140464037199,2018,
European Union,,2007,32.2658712627026,28.2944444542894,2018,
European Union,,2010,31.0585760543835,28.2944444542894,2018,
European Union,,2012,30.3017538359028,28.2944444542894,2018,
European Union,,2014,29.5885201059091,28.2944444542894,2018,
European Union,,2016,28.9408696025037,28.2944444542894,2018,
European Union,,2018,28.2944444542894,28.2944444542894,2018,
Faeroe Islands,FRO,2015,,,,Europe
Falkland Islands,FLK,2015,,,,South America
Fiji,FJI,2007,29.9,26.7,2018,
Fiji,FJI,2010,29,26.7,2018,
Fiji,FJI,2012,28.5,26.7,2018,
Fiji,FJI,2014,27.7,26.7,2018,
Fiji,FJI,2016,27.1,26.7,2018,
Fiji,FJI,2018,26.7,26.7,2018,
Fiji,FJI,2015,,,,Oceania
Finland,FIN,2007,25,19.7,2018,
Finland,FIN,2010,23.4,19.7,2018,
Finland,FIN,2012,22.3,19.7,2018,
Finland,FIN,2014,21.3,19.7,2018,
Finland,FIN,2016,20.4,19.7,2018,
Finland,FIN,2018,19.7,19.7,2018,
Finland,FIN,2015,,,,Europe
Fragile and conflict affected situations,,2007,17.7859638303555,13.9815746461615,2018,
Fragile and conflict affected situations,,2010,16.5606485069784,13.9815746461615,2018,
Fragile and conflict affected situations,,2012,15.8292179332281,13.9815746461615,2018,
Fragile and conflict affected situations,,2014,15.2048371177059,13.9815746461615,2018,
Fragile and conflict affected situations,,2016,14.5492039498561,13.9815746461615,2018,
Fragile and conflict affected situations,,2018,13.9815746461615,13.9815746461615,2018,
France,FRA,2007,34.5,34.6,2018,
France,FRA,2010,34.5,34.6,2018,
France,FRA,2012,34.5,34.6,2018,
France,FRA,2014,34.6,34.6,2018,
France,FRA,2016,34.6,34.6,2018,
France,FRA,2018,34.6,34.6,2018,
France,FRA,2015,,,,Europe
French Guiana,GUF,2015,,,,South America
French Polynesia,PYF,2015,,,,Oceania
French Southern Territories,ATF,2015,,,,Antarctica
Gabon,GAB,2015,,,,Africa
Gambia,GMB,2007,18.3,14.4,2018,
Gambia,GMB,2010,17.1,14.4,2018,
Gambia,GMB,2012,16.3,14.4,2018,
Gambia,GMB,2014,15.7,14.4,2018,
Gambia,GMB,2016,15,14.4,2018,
Gambia,GMB,2018,14.4,14.4,2018,
Gambia,GMB,2015,,,,Africa
Georgia,GEO,2007,32.4,29.7,2018,
Georgia,GEO,2010,31.6,29.7,2018,
Georgia,GEO,2012,30.9,29.7,2018,
Georgia,GEO,2014,30.6,29.7,2018,
Georgia,GEO,2016,30.1,29.7,2018,
Georgia,GEO,2018,29.7,29.7,2018,
Georgia,GEO,2015,,,,Asia
Germany,DEU,2007,31.2,28,2018,
Germany,DEU,2010,30.3,28,2018,
Germany,DEU,2012,29.7,28,2018,
Germany,DEU,2014,29.1,28,2018,
Germany,DEU,2016,28.6,28,2018,
Germany,DEU,2018,28,28,2018,
Germany,DEU,2015,,,,Europe
Ghana,GHA,2007,5.1,3.7,2018,
Ghana,GHA,2010,4.7,3.7,2018,
Ghana,GHA,2012,4.4,3.7,2018,
Ghana,GHA,2014,4.1,3.7,2018,
Ghana,GHA,2016,3.9,3.7,2018,
Ghana,GHA,2018,3.7,3.7,2018,
Ghana,GHA,2015,,,,Africa
Gibraltar,GIB,2015,,,,Europe
Greece,GRC,2007,45.3,39.1,2018,
Greece,GRC,2010,43.4,39.1,2018,
Greece,GRC,2012,42.1,39.1,2018,
Greece,GRC,2014,41.2,39.1,2018,
Greece,GRC,2016,40.2,39.1,2018,
Greece,GRC,2018,39.1,39.1,2018,
Greece,GRC,2015,,,,Europe
Greenland,GRL,2015,,,,North America
Grenada,GRD,2015,,,,North America
Guadeloupe,GLP,2015,,,,North America
Guam,GUM,2015,,,,Oceania
Guatemala,GTM,2015,,,,North America
Guernsey,GGY,2015,,,,Europe
Guinea,GIN,2015,,,,Africa
Guinea-Bissau,GNB,2015,,,,Africa
Guyana,GUY,2007,19.5,12.2,2018,
Guyana,GUY,2010,17.1,12.2,2018,
Guyana,GUY,2012,15.6,12.2,2018,
Guyana,GUY,2014,14.4,12.2,2018,
Guyana,GUY,2016,13.2,12.2,2018,
Guyana,GUY,2018,12.2,12.2,2018,
Guyana,GUY,2015,,,,South America
Haiti,HTI,2007,10.4,8.3,2018,
Haiti,HTI,2010,9.7,8.3,2018,
Haiti,HTI,2012,9.3,8.3,2018,
Haiti,HTI,2014,8.9,8.3,2018,
Haiti,HTI,2016,8.6,8.3,2018,
Haiti,HTI,2018,8.3,8.3,2018,
Haiti,HTI,2015,,,,North America
Hanover,OWID_HAN,2015,,,,Europe
Heard Island and McDonald Islands,HMD,2015,,,,Antarctica
Heavily indebted poor countries (HIPC),,2007,14.3691519551399,10.7764838462942,2018,
Heavily indebted poor countries (HIPC),,2010,13.2148895983223,10.7764838462942,2018,
Heavily indebted poor countries (HIPC),,2012,12.5133709010258,10.7764838462942,2018,
Heavily indebted poor countries (HIPC),,2014,11.8671509347395,10.7764838462942,2018,
Heavily indebted poor countries (HIPC),,2016,11.2860441100868,10.7764838462942,2018,
Heavily indebted poor countries (HIPC),,2018,10.7764838462942,10.7764838462942,2018,
Hesse Electoral,OWID_HSE,2015,,,,Europe
Hesse Grand Ducal,OWID_HSG,2015,,,,Europe
High income,,2007,29.7914607565563,24.7518659609152,2018,
High income,,2010,28.1547464197918,24.7518659609152,2018,
High income,,2012,27.2203331846922,24.7518659609152,2018,
High income,,2014,26.3077470946287,24.7518659609152,2018,
High income,,2016,25.5024216543462,24.7518659609152,2018,
High income,,2018,24.7518659609152,24.7518659609152,2018,
Honduras,HND,2015,,,,North America
Hong Kong,HKG,2015,,,,Asia
Hungary,HUN,2007,35.9,30.6,2018,
Hungary,HUN,2010,34.2,30.6,2018,
Hungary,HUN,2012,33.5,30.6,2018,
Hungary,HUN,2014,32.4,30.6,2018,
Hungary,HUN,2016,31.4,30.6,2018,
Hungary,HUN,2018,30.6,30.6,2018,
Hungary,HUN,2015,,,,Europe
IBRD only,,2007,30.8394810764664,25.0288064959293,2018,
IBRD only,,2010,29.0561213676322,25.0288064959293,2018,
IBRD only,,2012,27.9433507819166,25.0288064959293,2018,
IBRD only,,2014,26.8789703443347,25.0288064959293,2018,
IBRD only,,2016,25.9434853984799,25.0288064959293,2018,
IBRD only,,2018,25.0288064959293,25.0288064959293,2018,
IDA & IBRD total,,2007,29.7937586038034,23.7306399534723,2018,
IDA & IBRD total,,2010,27.9315307630915,23.7306399534723,2018,
IDA & IBRD total,,2012,26.7737777604145,23.7306399534723,2018,
IDA & IBRD total,,2014,25.6678916706456,23.7306399534723,2018,
IDA & IBRD total,,2016,24.6842894726054,23.7306399534723,2018,
IDA & IBRD total,,2018,23.7306399534723,23.7306399534723,2018,
IDA blend,,2007,18.4723311964591,12.9947837559371,2018,
IDA blend,,2010,16.7063300493445,12.9947837559371,2018,
IDA blend,,2012,15.6722014492349,12.9947837559371,2018,
IDA blend,,2014,14.6950963513392,12.9947837559371,2018,
IDA blend,,2016,13.8479738814781,12.9947837559371,2018,
IDA blend,,2018,12.9947837559371,12.9947837559371,2018,
IDA only,,2007,28.7473923164122,21.7880963058048,2018,
IDA only,,2010,26.5690151762829,21.7880963058048,2018,
IDA only,,2012,25.2316067709374,21.7880963058048,2018,
IDA only,,2014,23.9817711099617,21.7880963058048,2018,
IDA only,,2016,22.817106788392,21.7880963058048,2018,
IDA only,,2018,21.7880963058048,21.7880963058048,2018,
IDA total,,2007,24.7382634876471,18.349221565551,2018,
IDA total,,2010,22.7041265239087,18.349221565551,2018,
IDA total,,2012,21.4824210115724,18.349221565551,2018,
IDA total,,2014,20.3397736771458,18.349221565551,2018,
IDA total,,2016,19.3033719736747,18.349221565551,2018,
IDA total,,2018,18.349221565551,18.349221565551,2018,
Iceland,ISL,2007,22.1,13.8,2018,
Iceland,ISL,2010,19.4,13.8,2018,
Iceland,ISL,2012,17.8,13.8,2018,
Iceland,ISL,2014,16.4,13.8,2018,
Iceland,ISL,2016,15,13.8,2018,
Iceland,ISL,2018,13.8,13.8,2018,
Iceland,ISL,2015,,,,Europe
India,IND,2007,38.5,27,2018,
India,IND,2010,34.8,27,2018,
India,IND,2012,32.6,27,2018,
India,IND,2014,30.6,27,2018,
India,IND,2016,28.8,27,2018,
India,IND,2018,27,27,2018,
India,IND,2015,,,,Asia
Indonesia,IDN,2007,39.3,37.9,2018,
Indonesia,IDN,2010,38.8,37.9,2018,
Indonesia,IDN,2012,38.5,37.9,2018,
Indonesia,IDN,2014,38.3,37.9,2018,
Indonesia,IDN,2016,38.1,37.9,2018,
Indonesia,IDN,2018,37.9,37.9,2018,
Indonesia,IDN,2015,,,,Asia
Iran,IRN,2007,18,14,2018,
Iran,IRN,2010,16.8,14,2018,
Iran,IRN,2012,16.1,14,2018,
Iran,IRN,2014,15.3,14,2018,
Iran,IRN,2016,14.6,14,2018,
Iran,IRN,2018,14,14,2018,
Iran,IRN,2015,,,,Asia
Iraq,IRQ,2007,25.2,22.2,2018,
Iraq,IRQ,2010,24.2,22.2,2018,
Iraq,IRQ,2012,23.6,22.2,2018,
Iraq,IRQ,2014,23.1,22.2,2018,
Iraq,IRQ,2016,22.6,22.2,2018,
Iraq,IRQ,2018,22.2,22.2,2018,
Iraq,IRQ,2015,,,,Asia
Ireland,IRL,2007,30.2,23.6,2018,
Ireland,IRL,2010,28.2,23.6,2018,
Ireland,IRL,2012,26.9,23.6,2018,
Ireland,IRL,2014,25.9,23.6,2018,
Ireland,IRL,2016,24.6,23.6,2018,
Ireland,IRL,2018,23.6,23.6,2018,
Ireland,IRL,2015,,,,Europe
Isle of Man,IMN,2015,,,,Europe
Israel,ISR,2007,28.7,25.5,2018,
Israel,ISR,2010,27.8,25.5,2018,
Israel,ISR,2012,27.2,25.5,2018,
Israel,ISR,2014,26.6,25.5,2018,
Israel,ISR,2016,26,25.5,2018,
Israel,ISR,2018,25.5,25.5,2018,
Israel,ISR,2015,,,,Asia
Italy,ITA,2007,25.1,23.4,2018,
Italy,ITA,2010,24.7,23.4,2018,
Italy,ITA,2012,24.3,23.4,2018,
Italy,ITA,2014,24,23.4,2018,
Italy,ITA,2016,23.6,23.4,2018,
Italy,ITA,2018,23.4,23.4,2018,
Italy,ITA,2015,,,,Europe
Jamaica,JAM,2007,15.4,11,2018,
Jamaica,JAM,2010,14,11,2018,
Jamaica,JAM,2012,13.1,11,2018,
Jamaica,JAM,2014,12.4,11,2018,
Jamaica,JAM,2016,11.6,11,2018,
Jamaica,JAM,2018,11,11,2018,
Jamaica,JAM,2015,,,,North America
Japan,JPN,2007,28.3,21.9,2018,
Japan,JPN,2010,26.4,21.9,2018,
Japan,JPN,2012,25.1,21.9,2018,
Japan,JPN,2014,23.9,21.9,2018,
Japan,JPN,2016,22.8,21.9,2018,
Japan,JPN,2018,21.9,21.9,2018,
Japan,JPN,2015,,,,Asia
Jersey,JEY,2015,,,,Europe
Jordan,JOR,2015,,,,Asia
Kazakhstan,KAZ,2007,29.4,24.4,2018,
Kazakhstan,KAZ,2010,27.9,24.4,2018,
Kazakhstan,KAZ,2012,27,24.4,2018,
Kazakhstan,KAZ,2014,26.2,24.4,2018,
Kazakhstan,KAZ,2016,25.3,24.4,2018,
Kazakhstan,KAZ,2018,24.4,24.4,2018,
Kazakhstan,KAZ,2015,,,,Asia
Kenya,KEN,2007,15.6,11.8,2018,
Kenya,KEN,2010,14.4,11.8,2018,
Kenya,KEN,2012,13.7,11.8,2018,
Kenya,KEN,2014,13,11.8,2018,
Kenya,KEN,2016,12.4,11.8,2018,
Kenya,KEN,2018,11.8,11.8,2018,
Kenya,KEN,2015,,,,Africa
Kiribati,KIR,2007,61.2,52,2018,
Kiribati,KIR,2010,58.1,52,2018,
Kiribati,KIR,2012,56.7,52,2018,
Kiribati,KIR,2014,55.2,52,2018,
Kiribati,KIR,2016,53.5,52,2018,
Kiribati,KIR,2018,52,52,2018,
Kiribati,KIR,2015,,,,Oceania
Kosovo,OWID_KOS,2015,,,,Europe
Kuwait,KWT,2007,24.4,22.1,2018,
Kuwait,KWT,2010,23.6,22.1,2018,
Kuwait,KWT,2012,23.2,22.1,2018,
Kuwait,KWT,2014,22.8,22.1,2018,
Kuwait,KWT,2016,22.4,22.1,2018,
Kuwait,KWT,2018,22.1,22.1,2018,
Kuwait,KWT,2015,,,,Asia
Kyrgyzstan,KGZ,2007,30.1,27.9,2018,
Kyrgyzstan,KGZ,2010,29.4,27.9,2018,
Kyrgyzstan,KGZ,2012,29,27.9,2018,
Kyrgyzstan,KGZ,2014,28.6,27.9,2018,
Kyrgyzstan,KGZ,2016,28.2,27.9,2018,
Kyrgyzstan,KGZ,2018,27.9,27.9,2018,
Kyrgyzstan,KGZ,2015,,,,Asia
Laos,LAO,2007,51.1,37.8,2018,
Laos,LAO,2010,47,37.8,2018,
Laos,LAO,2012,44.4,37.8,2018,
Laos,LAO,2014,42.2,37.8,2018,
Laos,LAO,2016,39.9,37.8,2018,
Laos,LAO,2018,37.8,37.8,2018,
Laos,LAO,2015,,,,Asia
Late-demographic dividend,,2007,27.4328647981549,23.6936517661701,2018,
Late-demographic dividend,,2010,26.3486637733667,23.6936517661701,2018,
Late-demographic dividend,,2012,25.6258574065237,23.6936517661701,2018,
Late-demographic dividend,,2014,24.8766078323517,23.6936517661701,2018,
Late-demographic dividend,,2016,24.2724137378123,23.6936517661701,2018,
Late-demographic dividend,,2018,23.6936517661701,23.6936517661701,2018,
Latin America & Caribbean,,2007,23.5904574613324,15.917476831889,2018,
Latin America & Caribbean,,2010,21.1262341987583,15.917476831889,2018,
Latin America & Caribbean,,2012,19.6763512824138,15.917476831889,2018,
Latin America & Caribbean,,2014,18.3150294922186,15.917476831889,2018,
Latin America & Caribbean,,2016,17.0788107662143,15.917476831889,2018,
Latin America & Caribbean,,2018,15.917476831889,15.917476831889,2018,
Latin America & Caribbean (IDA & IBRD),,2007,23.2235117793446,15.6631485968956,2018,
Latin America & Caribbean (IDA & IBRD),,2010,20.7975972574431,15.6631485968956,2018,
Latin America & Caribbean (IDA & IBRD),,2012,19.3706313133492,15.6631485968956,2018,
Latin America & Caribbean (IDA & IBRD),,2014,18.0277994805383,15.6631485968956,2018,
Latin America & Caribbean (IDA & IBRD),,2016,16.8109347472217,15.6631485968956,2018,
Latin America & Caribbean (IDA & IBRD),,2018,15.6631485968956,15.6631485968956,2018,
Latin America & Caribbean (excluding high income),,2007,22.5629410203739,14.7948404196645,2018,
Latin America & Caribbean (excluding high income),,2010,20.0562701691024,14.7948404196645,2018,
Latin America & Caribbean (excluding high income),,2012,18.6002211629084,14.7948404196645,2018,
Latin America & Caribbean (excluding high income),,2014,17.2304211408991,14.7948404196645,2018,
Latin America & Caribbean (excluding high income),,2016,15.9741879024958,14.7948404196645,2018,
Latin America & Caribbean (excluding high income),,2018,14.7948404196645,14.7948404196645,2018,
Latvia,LVA,2007,39,36.7,2018,
Latvia,LVA,2010,38.4,36.7,2018,
Latvia,LVA,2012,37.9,36.7,2018,
Latvia,LVA,2014,37.5,36.7,2018,
Latvia,LVA,2016,37.1,36.7,2018,
Latvia,LVA,2018,36.7,36.7,2018,
Latvia,LVA,2015,,,,Europe
Least developed countries: UN classification,,2007,30.0448673953858,22.7454190404146,2018,
Least developed countries: UN classification,,2010,27.769065182755,22.7454190404146,2018,
Least developed countries: UN classification,,2012,26.3662555949944,22.7454190404146,2018,
Least developed countries: UN classification,,2014,25.0558536863771,22.7454190404146,2018,
Least developed countries: UN classification,,2016,23.83437916644,22.7454190404146,2018,
Least developed countries: UN classification,,2018,22.7454190404146,22.7454190404146,2018,
Lebanon,LBN,2007,43.3,42.6,2018,
Lebanon,LBN,2010,42.9,42.6,2018,
Lebanon,LBN,2012,42.9,42.6,2018,
Lebanon,LBN,2014,42.7,42.6,2018,
Lebanon,LBN,2016,42.6,42.6,2018,
Lebanon,LBN,2018,42.6,42.6,2018,
Lebanon,LBN,2015,,,,Asia
Lesotho,LSO,2007,25.1,29.7,2018,
Lesotho,LSO,2010,26,29.7,2018,
Lesotho,LSO,2012,26.8,29.7,2018,
Lesotho,LSO,2014,27.7,29.7,2018,
Lesotho,LSO,2016,28.7,29.7,2018,
Lesotho,LSO,2018,29.7,29.7,2018,
Lesotho,LSO,2015,,,,Africa
Liberia,LBR,2007,11.3,8.4,2018,
Liberia,LBR,2010,10.4,8.4,2018,
Liberia,LBR,2012,9.9,8.4,2018,
Liberia,LBR,2014,9.3,8.4,2018,
Liberia,LBR,2016,8.8,8.4,2018,
Liberia,LBR,2018,8.4,8.4,2018,
Liberia,LBR,2015,,,,Africa
Libya,LBY,2015,,,,Africa
Liechtenstein,LIE,2015,,,,Europe
Lithuania,LTU,2007,32.4,27.1,2018,
Lithuania,LTU,2010,30.8,27.1,2018,
Lithuania,LTU,2012,29.8,27.1,2018,
Lithuania,LTU,2014,29,27.1,2018,
Lithuania,LTU,2016,28,27.1,2018,
Lithuania,LTU,2018,27.1,27.1,2018,
Lithuania,LTU,2015,,,,Europe
Low & middle income,,2007,29.6534243245859,23.6153454278696,2018,
Low & middle income,,2010,27.7976499710699,23.6153454278696,2018,
Low & middle income,,2012,26.6449811214144,23.6153454278696,2018,
Low & middle income,,2014,25.5444098768774,23.6153454278696,2018,
Low & middle income,,2016,24.563767103485,23.6153454278696,2018,
Low & middle income,,2018,23.6153454278696,23.6153454278696,2018,
Lower middle income,,2007,33.2759232830242,25.1338549253083,2018,
Lower middle income,,2010,30.6625909175006,25.1338549253083,2018,
Lower middle income,,2012,29.1083287656845,25.1338549253083,2018,
Lower middle income,,2014,27.6870439144685,25.1338549253083,2018,
Lower middle income,,2016,26.3874969902788,25.1338549253083,2018,
Lower middle income,,2018,25.1338549253083,25.1338549253083,2018,
Luxembourg,LUX,2007,26.2,21.7,2018,
Luxembourg,LUX,2010,24.9,21.7,2018,
Luxembourg,LUX,2012,24,21.7,2018,
Luxembourg,LUX,2014,23.3,21.7,2018,
Luxembourg,LUX,2016,22.5,21.7,2018,
Luxembourg,LUX,2018,21.7,21.7,2018,
Luxembourg,LUX,2015,,,,Europe
Macao,MAC,2015,,,,Asia
Madagascar,MDG,2007,36.5,28.9,2018,
Madagascar,MDG,2010,34,28.9,2018,
Madagascar,MDG,2012,32.5,28.9,2018,
Madagascar,MDG,2014,31.2,28.9,2018,
Madagascar,MDG,2016,30,28.9,2018,
Madagascar,MDG,2018,28.9,28.9,2018,
Madagascar,MDG,2015,,,,Africa
Malawi,MWI,2007,19.5,12.8,2018,
Malawi,MWI,2010,17.4,12.8,2018,
Malawi,MWI,2012,16,12.8,2018,
Malawi,MWI,2014,14.9,12.8,2018,
Malawi,MWI,2016,13.8,12.8,2018,
Malawi,MWI,2018,12.8,12.8,2018,
Malawi,MWI,2015,,,,Africa
Malaysia,MYS,2007,25.7,21.8,2018,
Malaysia,MYS,2010,24.5,21.8,2018,
Malaysia,MYS,2012,23.8,21.8,2018,
Malaysia,MYS,2014,23.1,21.8,2018,
Malaysia,MYS,2016,22.5,21.8,2018,
Malaysia,MYS,2018,21.8,21.8,2018,
Malaysia,MYS,2015,,,,Asia
Maldives,MDV,2015,,,,Asia
Mali,MLI,2007,12.5,12,2018,
Mali,MLI,2010,12.3,12,2018,
Mali,MLI,2012,12.2,12,2018,
Mali,MLI,2014,12.1,12,2018,
Mali,MLI,2016,12.1,12,2018,
Mali,MLI,2018,12,12,2018,
Mali,MLI,2015,,,,Africa
Malta,MLT,2007,30.1,25.1,2018,
Malta,MLT,2010,28.6,25.1,2018,
Malta,MLT,2012,27.8,25.1,2018,
Malta,MLT,2014,26.8,25.1,2018,
Malta,MLT,2016,25.9,25.1,2018,
Malta,MLT,2018,25.1,25.1,2018,
Malta,MLT,2015,,,,Europe
Marshall Islands,MHL,2015,,,,Oceania
Martinique,MTQ,2015,,,,North America
Mauritania,MRT,2015,,,,Africa
Mauritius,MUS,2007,31.7,26.9,2018,
Mauritius,MUS,2010,30.1,26.9,2018,
Mauritius,MUS,2012,29.1,26.9,2018,
Mauritius,MUS,2014,28.2,26.9,2018,
Mauritius,MUS,2016,27.6,26.9,2018,
Mauritius,MUS,2018,26.9,26.9,2018,
Mauritius,MUS,2015,,,,Africa
Mayotte,MYT,2015,,,,Africa
Mecklenburg Schwerin,OWID_MEC,2015,,,,Europe
Mexico,MEX,2007,19.4,13.9,2018,
Mexico,MEX,2010,17.7,13.9,2018,
Mexico,MEX,2012,16.7,13.9,2018,
Mexico,MEX,2014,15.7,13.9,2018,
Mexico,MEX,2016,14.8,13.9,2018,
Mexico,MEX,2018,13.9,13.9,2018,
Mexico,MEX,2015,,,,North America
Micronesia (country),FSM,2015,,,,Oceania
Middle East & North Africa,,2007,21.3039238522432,18.881129803824,2018,
Middle East & North Africa,,2010,20.4449259111449,18.881129803824,2018,
Middle East & North Africa,,2012,19.9953440867714,18.881129803824,2018,
Middle East & North Africa,,2014,19.6351842456058,18.881129803824,2018,
Middle East & North Africa,,2016,19.2115119355894,18.881129803824,2018,
Middle East & North Africa,,2018,18.881129803824,18.881129803824,2018,
Middle East & North Africa (IDA & IBRD),,2007,21.624116441242,19.0771407592796,2018,
Middle East & North Africa (IDA & IBRD),,2010,20.7377457019472,19.0771407592796,2018,
Middle East & North Africa (IDA & IBRD),,2012,20.2741908885622,19.0771407592796,2018,
Middle East & North Africa (IDA & IBRD),,2014,19.8889161227707,19.0771407592796,2018,
Middle East & North Africa (IDA & IBRD),,2016,19.4422653027161,19.0771407592796,2018,
Middle East & North Africa (IDA & IBRD),,2018,19.0771407592796,19.0771407592796,2018,
Middle East & North Africa (excluding high income),,2007,21.624116441242,19.0771407592796,2018,
Middle East & North Africa (excluding high income),,2010,20.7377457019472,19.0771407592796,2018,
Middle East & North Africa (excluding high income),,2012,20.2741908885622,19.0771407592796,2018,
Middle East & North Africa (excluding high income),,2014,19.8889161227707,19.0771407592796,2018,
Middle East & North Africa (excluding high income),,2016,19.4422653027161,19.0771407592796,2018,
Middle East & North Africa (excluding high income),,2018,19.0771407592796,19.0771407592796,2018,
Middle income,,2007,30.2932733630331,24.267294601066,2018,
Middle income,,2010,28.4370670334845,24.267294601066,2018,
Middle income,,2012,27.2863414931834,24.267294601066,2018,
Middle income,,2014,26.1875659516031,24.267294601066,2018,
Middle income,,2016,25.2118623391994,24.267294601066,2018,
Middle income,,2018,24.267294601066,24.267294601066,2018,
Modena,OWID_MOD,2015,,,,Europe
Moldova,MDA,2007,24.7,25.3,2018,
Moldova,MDA,2010,24.8,25.3,2018,
Moldova,MDA,2012,25,25.3,2018,
Moldova,MDA,2014,25,25.3,2018,
Moldova,MDA,2016,25.1,25.3,2018,
Moldova,MDA,2018,25.3,25.3,2018,
Moldova,MDA,2015,,,,Europe
Monaco,MCO,2015,,,,Europe
Mongolia,MNG,2007,33.4,27.6,2018,
Mongolia,MNG,2010,31.9,27.6,2018,
Mongolia,MNG,2012,30.7,27.6,2018,
Mongolia,MNG,2014,29.6,27.6,2018,
Mongolia,MNG,2016,28.4,27.6,2018,
Mongolia,MNG,2018,27.6,27.6,2018,
Mongolia,MNG,2015,,,,Asia
Montenegro,MNE,2015,,,,Europe
Montserrat,MSR,2015,,,,North America
Morocco,MAR,2007,19.4,14.7,2018,
Morocco,MAR,2010,18,14.7,2018,
Morocco,MAR,2012,17.1,14.7,2018,
Morocco,MAR,2014,16.4,14.7,2018,
Morocco,MAR,2016,15.5,14.7,2018,
Morocco,MAR,2018,14.7,14.7,2018,
Morocco,MAR,2015,,,,Africa
Mozambique,MOZ,2007,21.4,14.4,2018,
Mozambique,MOZ,2010,19.2,14.4,2018,
Mozambique,MOZ,2012,17.9,14.4,2018,
Mozambique,MOZ,2014,16.6,14.4,2018,
Mozambique,MOZ,2016,15.4,14.4,2018,
Mozambique,MOZ,2018,14.4,14.4,2018,
Mozambique,MOZ,2015,,,,Africa
Myanmar,MMR,2007,55.4,45.5,2018,
Myanmar,MMR,2010,52.5,45.5,2018,
Myanmar,MMR,2012,50.5,45.5,2018,
Myanmar,MMR,2014,48.8,45.5,2018,
Myanmar,MMR,2016,46.8,45.5,2018,
Myanmar,MMR,2018,45.5,45.5,2018,
Myanmar,MMR,2015,,,,Asia
Nagorno-Karabakh,OWID_NAG,2015,,,,Asia
Namibia,NAM,2007,21.9,17.9,2018,
Namibia,NAM,2010,20.4,17.9,2018,
Namibia,NAM,2012,19.6,17.9,2018,
Namibia,NAM,2014,18.9,17.9,2018,
Namibia,NAM,2016,18.3,17.9,2018,
Namibia,NAM,2018,17.9,17.9,2018,
Namibia,NAM,2015,,,,Africa
Nauru,NRU,2007,62.8,52.1,2018,
Nauru,NRU,2010,59.5,52.1,2018,
Nauru,NRU,2012,57.5,52.1,2018,
Nauru,NRU,2014,55.7,52.1,2018,
Nauru,NRU,2016,53.9,52.1,2018,
Nauru,NRU,2018,52.1,52.1,2018,
Nauru,NRU,2015,,,,Oceania
Nepal,NPL,2007,49,31.9,2018,
Nepal,NPL,2010,43.4,31.9,2018,
Nepal,NPL,2012,40,31.9,2018,
Nepal,NPL,2014,37,31.9,2018,
Nepal,NPL,2016,34.3,31.9,2018,
Nepal,NPL,2018,31.9,31.9,2018,
Nepal,NPL,2015,,,,Asia
Netherlands,NLD,2007,28.4,23.4,2018,
Netherlands,NLD,2010,27,23.4,2018,
Netherlands,NLD,2012,26.1,23.4,2018,
Netherlands,NLD,2014,25.1,23.4,2018,
Netherlands,NLD,2016,24.3,23.4,2018,
Netherlands,NLD,2018,23.4,23.4,2018,
Netherlands,NLD,2015,,,,Europe
Netherlands Antilles,ANT,2015,,,,North America
New Caledonia,NCL,2015,,,,Oceania
New Zealand,NZL,2007,22.5,14.8,2018,
New Zealand,NZL,2010,20.1,14.8,2018,
New Zealand,NZL,2012,18.6,14.8,2018,
New Zealand,NZL,2014,17.3,14.8,2018,
New Zealand,NZL,2016,16,14.8,2018,
New Zealand,NZL,2018,14.8,14.8,2018,
New Zealand,NZL,2015,,,,Oceania
Nicaragua,NIC,2015,,,,North America
Niger,NER,2007,8,8.6,2018,
Niger,NER,2010,8.1,8.6,2018,
Niger,NER,2012,8.3,8.6,2018,
Niger,NER,2014,8.4,8.6,2018,
Niger,NER,2016,8.4,8.6,2018,
Niger,NER,2018,8.6,8.6,2018,
Niger,NER,2015,,,,Africa
Nigeria,NGA,2007,6.1,4.8,2018,
Nigeria,NGA,2010,5.7,4.8,2018,
Nigeria,NGA,2012,5.4,4.8,2018,
Nigeria,NGA,2014,5.2,4.8,2018,
Nigeria,NGA,2016,5,4.8,2018,
Nigeria,NGA,2018,4.8,4.8,2018,
Nigeria,NGA,2015,,,,Africa
Niue,NIU,2015,,,,Oceania
Norfolk Island,NFK,2015,,,,Oceania
North America,,2007,28.997605698605,24.3017132229155,2018,
North America,,2010,27.5698224878515,24.3017132229155,2018,
North America,,2012,26.7238503080262,24.3017132229155,2018,
North America,,2014,25.8078161132184,24.3017132229155,2018,
North America,,2016,25.0135386701797,24.3017132229155,2018,
North America,,2018,24.3017132229155,24.3017132229155,2018,
North Korea,PRK,2007,20.3,18.8,2018,
North Korea,PRK,2010,19.8,18.8,2018,
North Korea,PRK,2012,19.5,18.8,2018,
North Korea,PRK,2014,19.2,18.8,2018,
North Korea,PRK,2016,19,18.8,2018,
North Korea,PRK,2018,18.8,18.8,2018,
North Korea,PRK,2015,,,,Asia
North Macedonia,MKD,2015,,,,Europe
Northern Cyprus,OWID_CYN,2015,,,,Asia
Northern Mariana Islands,MNP,2015,,,,Oceania
Norway,NOR,2007,20.7,13,2018,
Norway,NOR,2010,18.2,13,2018,
Norway,NOR,2012,16.7,13,2018,
Norway,NOR,2014,15.4,13,2018,
Norway,NOR,2016,14.1,13,2018,
Norway,NOR,2018,13,13,2018,
Norway,NOR,2015,,,,Europe
OECD members,,2007,28.9452445294849,23.791912268583,2018,
OECD members,,2010,27.3125842048424,23.791912268583,2018,
OECD members,,2012,26.3564316664942,23.791912268583,2018,
OECD members,,2014,25.4205826060824,23.791912268583,2018,
OECD members,,2016,24.5861982389365,23.791912268583,2018,
OECD members,,2018,23.791912268583,23.791912268583,2018,
Oman,OMN,2007,9.5,9.6,2018,
Oman,OMN,2010,9.6,9.6,2018,
Oman,OMN,2012,9.5,9.6,2018,
Oman,OMN,2014,9.6,9.6,2018,
Oman,OMN,2016,9.6,9.6,2018,
Oman,OMN,2018,9.6,9.6,2018,
Oman,OMN,2015,,,,Asia
Other small states,,2007,26.7380937660887,22.6038069533875,2018,
Other small states,,2010,25.1300370232167,22.6038069533875,2018,
Other small states,,2012,24.3093343048483,22.6038069533875,2018,
Other small states,,2014,23.625080758541,22.6038069533875,2018,
Other small states,,2016,23.0630686481452,22.6038069533875,2018,
Other small states,,2018,22.6038069533875,22.6038069533875,2018,
Pacific island small states,,2007,34.3229626020124,31.0274649916481,2018,
Pacific island small states,,2010,33.2601974099546,31.0274649916481,2018,
Pacific island small states,,2012,32.7158897064118,31.0274649916481,2018,
Pacific island small states,,2014,32.0674981887063,31.0274649916481,2018,
Pacific island small states,,2016,31.463512816346,31.0274649916481,2018,
Pacific island small states,,2018,31.0274649916481,31.0274649916481,2018,
Pakistan,PAK,2007,30.7,20,2018,
Pakistan,PAK,2010,27.1,20,2018,
Pakistan,PAK,2012,25.1,20,2018,
Pakistan,PAK,2014,23.2,20,2018,
Pakistan,PAK,2016,21.6,20,2018,
Pakistan,PAK,2018,20,20,2018,
Pakistan,PAK,2015,,,,Asia
Palau,PLW,2007,29.5,23.7,2018,
Palau,PLW,2010,27.7,23.7,2018,
Palau,PLW,2012,26.6,23.7,2018,
Palau,PLW,2014,25.7,23.7,2018,
Palau,PLW,2016,24.7,23.7,2018,
Palau,PLW,2018,23.7,23.7,2018,
Palau,PLW,2015,,,,Oceania
Palestine,PSE,2015,,,,Asia
Panama,PAN,2007,11.8,6.9,2018,
Panama,PAN,2010,10.1,6.9,2018,
Panama,PAN,2012,9.2,6.9,2018,
Panama,PAN,2014,8.3,6.9,2018,
Panama,PAN,2016,7.6,6.9,2018,
Panama,PAN,2018,6.9,6.9,2018,
Panama,PAN,2015,,,,North America
Papua New Guinea,PNG,2015,,,,Oceania
Paraguay,PRY,2007,21.2,12.8,2018,
Paraguay,PRY,2010,18.5,12.8,2018,
Paraguay,PRY,2012,16.8,12.8,2018,
Paraguay,PRY,2014,15.4,12.8,2018,
Paraguay,PRY,2016,14,12.8,2018,
Paraguay,PRY,2018,12.8,12.8,2018,
Paraguay,PRY,2015,,,,South America
Parma,OWID_PMA,2015,,,,Europe
Peru,PER,2007,20.6,9.6,2018,
Peru,PER,2010,16.6,9.6,2018,
Peru,PER,2012,14.5,9.6,2018,
Peru,PER,2014,12.6,9.6,2018,
Peru,PER,2016,11,9.6,2018,
Peru,PER,2018,9.6,9.6,2018,
Peru,PER,2015,,,,South America
Philippines,PHL,2007,30.5,24.3,2018,
Philippines,PHL,2010,28.6,24.3,2018,
Philippines,PHL,2012,27.4,24.3,2018,
Philippines,PHL,2014,26.2,24.3,2018,
Philippines,PHL,2016,25.1,24.3,2018,
Philippines,PHL,2018,24.3,24.3,2018,
Philippines,PHL,2015,,,,Asia
Pitcairn,PCN,2015,,,,Oceania
Poland,POL,2007,34.1,26,2018,
Poland,POL,2010,31.6,26,2018,
Poland,POL,2012,30.1,26,2018,
Poland,POL,2014,28.6,26,2018,
Poland,POL,2016,27.4,26,2018,
Poland,POL,2018,26,26,2018,
Poland,POL,2015,,,,Europe
Portugal,PRT,2007,26.1,27.9,2018,
Portugal,PRT,2010,26.4,27.9,2018,
Portugal,PRT,2012,26.8,27.9,2018,
Portugal,PRT,2014,27.1,27.9,2018,
Portugal,PRT,2016,27.5,27.9,2018,
Portugal,PRT,2018,27.9,27.9,2018,
Portugal,PRT,2015,,,,Europe
Post-demographic dividend,,2007,30.1116748842368,24.9086794126874,2018,
Post-demographic dividend,,2010,28.4503063528929,24.9086794126874,2018,
Post-demographic dividend,,2012,27.4917672206202,24.9086794126874,2018,
Post-demographic dividend,,2014,26.5479756753442,24.9086794126874,2018,
Post-demographic dividend,,2016,25.6945552128879,24.9086794126874,2018,
Post-demographic dividend,,2018,24.9086794126874,24.9086794126874,2018,
Pre-demographic dividend,,2007,14.5554930765592,11.2942044275726,2018,
Pre-demographic dividend,,2010,13.4766828579068,11.2942044275726,2018,
Pre-demographic dividend,,2012,12.8611180791299,11.2942044275726,2018,
Pre-demographic dividend,,2014,12.3035811762535,11.2942044275726,2018,
Pre-demographic dividend,,2016,11.7759026188479,11.2942044275726,2018,
Pre-demographic dividend,,2018,11.2942044275726,11.2942044275726,2018,
Puerto Rico,PRI,2015,,,,North America
Qatar,QAT,2007,14.9,14,2018,
Qatar,QAT,2010,14.5,14,2018,
Qatar,QAT,2012,14.3,14,2018,
Qatar,QAT,2014,14.3,14,2018,
Qatar,QAT,2016,14.1,14,2018,
Qatar,QAT,2018,14,14,2018,
Qatar,QAT,2015,,,,Asia
Republic of Vietnam,OWID_RVN,2015,,,,Asia
Reunion,REU,2015,,,,Africa
Romania,ROU,2007,34.4,25.5,2018,
Romania,ROU,2010,31.6,25.5,2018,
Romania,ROU,2012,29.8,25.5,2018,
Romania,ROU,2014,28.3,25.5,2018,
Romania,ROU,2016,26.8,25.5,2018,
Romania,ROU,2018,25.5,25.5,2018,
Romania,ROU,2015,,,,Europe
Russia,RUS,2007,31.5,28.3,2018,
Russia,RUS,2010,30.6,28.3,2018,
Russia,RUS,2012,29.9,28.3,2018,
Russia,RUS,2014,29.3,28.3,2018,
Russia,RUS,2016,28.7,28.3,2018,
Russia,RUS,2018,28.3,28.3,2018,
Russia,RUS,2015,,,,Europe
Rwanda,RWA,2007,17,13.3,2018,
Rwanda,RWA,2010,15.9,13.3,2018,
Rwanda,RWA,2012,15.2,13.3,2018,
Rwanda,RWA,2014,14.5,13.3,2018,
Rwanda,RWA,2016,13.9,13.3,2018,
Rwanda,RWA,2018,13.3,13.3,2018,
Rwanda,RWA,2015,,,,Africa
Saint Barth√©lemy,BLM,2015,,,,North America
Saint Helena,SHN,2015,,,,Africa
Saint Kitts and Nevis,KNA,2015,,,,North America
Saint Lucia,LCA,2015,,,,North America
Saint Martin (French part),MAF,2015,,,,North America
Saint Pierre and Miquelon,SPM,2015,,,,North America
Saint Vincent and the Grenadines,VCT,2015,,,,North America
Samoa,WSM,2007,35.6,28.9,2018,
Samoa,WSM,2010,33.5,28.9,2018,
Samoa,WSM,2012,32.3,28.9,2018,
Samoa,WSM,2014,31,28.9,2018,
Samoa,WSM,2016,29.9,28.9,2018,
Samoa,WSM,2018,28.9,28.9,2018,
Samoa,WSM,2015,,,,Oceania
San Marino,SMR,2015,,,,Europe
Sao Tome and Principe,STP,2007,5.9,5.4,2018,
Sao Tome and Principe,STP,2010,5.7,5.4,2018,
Sao Tome and Principe,STP,2012,5.6,5.4,2018,
Sao Tome and Principe,STP,2014,5.6,5.4,2018,
Sao Tome and Principe,STP,2016,5.5,5.4,2018,
Sao Tome and Principe,STP,2018,5.4,5.4,2018,
Sao Tome and Principe,STP,2015,,,,Africa
Saudi Arabia,SAU,2007,16.8,16.6,2018,
Saudi Arabia,SAU,2010,16.6,16.6,2018,
Saudi Arabia,SAU,2012,16.6,16.6,2018,
Saudi Arabia,SAU,2014,16.7,16.6,2018,
Saudi Arabia,SAU,2016,16.6,16.6,2018,
Saudi Arabia,SAU,2018,16.6,16.6,2018,
Saudi Arabia,SAU,2015,,,,Asia
Saxony,OWID_SAX,2015,,,,Europe
Senegal,SEN,2007,12.1,9.1,2018,
Senegal,SEN,2010,11.2,9.1,2018,
Senegal,SEN,2012,10.6,9.1,2018,
Senegal,SEN,2014,10,9.1,2018,
Senegal,SEN,2016,9.5,9.1,2018,
Senegal,SEN,2018,9.1,9.1,2018,
Senegal,SEN,2015,,,,Africa
Serbia,SRB,2007,43.6,40.6,2018,
Serbia,SRB,2010,42.7,40.6,2018,
Serbia,SRB,2012,42.2,40.6,2018,
Serbia,SRB,2014,41.7,40.6,2018,
Serbia,SRB,2016,41.2,40.6,2018,
Serbia,SRB,2018,40.6,40.6,2018,
Serbia,SRB,2015,,,,Europe
Serbia and Montenegro,OWID_SRM,2015,,,,Europe
Serbia excluding Kosovo,OWID_SEK,2015,,,,Europe
Seychelles,SYC,2007,23.7,21.1,2018,
Seychelles,SYC,2010,22.9,21.1,2018,
Seychelles,SYC,2012,22.4,21.1,2018,
Seychelles,SYC,2014,21.9,21.1,2018,
Seychelles,SYC,2016,21.5,21.1,2018,
Seychelles,SYC,2018,21.1,21.1,2018,
Seychelles,SYC,2015,,,,Africa
Sierra Leone,SLE,2007,28.6,19.8,2018,
Sierra Leone,SLE,2010,25.7,19.8,2018,
Sierra Leone,SLE,2012,24,19.8,2018,
Sierra Leone,SLE,2014,22.5,19.8,2018,
Sierra Leone,SLE,2016,21.1,19.8,2018,
Sierra Leone,SLE,2018,19.8,19.8,2018,
Sierra Leone,SLE,2015,,,,Africa
Singapore,SGP,2007,16.5,16.5,2018,
Singapore,SGP,2010,16.5,16.5,2018,
Singapore,SGP,2012,16.5,16.5,2018,
Singapore,SGP,2014,16.5,16.5,2018,
Singapore,SGP,2016,16.6,16.5,2018,
Singapore,SGP,2018,16.5,16.5,2018,
Singapore,SGP,2015,,,,Asia
Sint Maarten (Dutch part),SXM,2015,,,,North America
Slovakia,SVK,2007,31.9,32.3,2018,
Slovakia,SVK,2010,31.9,32.3,2018,
Slovakia,SVK,2012,32,32.3,2018,
Slovakia,SVK,2014,32.1,32.3,2018,
Slovakia,SVK,2016,32.1,32.3,2018,
Slovakia,SVK,2018,32.3,32.3,2018,
Slovakia,SVK,2015,,,,Europe
Slovenia,SVN,2007,24.3,22.7,2018,
Slovenia,SVN,2010,23.8,22.7,2018,
Slovenia,SVN,2012,23.5,22.7,2018,
Slovenia,SVN,2014,23.3,22.7,2018,
Slovenia,SVN,2016,23,22.7,2018,
Slovenia,SVN,2018,22.7,22.7,2018,
Slovenia,SVN,2015,,,,Europe
Small states,,2007,25.2505815550045,21.3215337656457,2018,
Small states,,2010,23.7995853578803,21.3215337656457,2018,
Small states,,2012,23.0090867632614,21.3215337656457,2018,
Small states,,2014,22.3398605483258,21.3215337656457,2018,
Small states,,2016,21.7651317160918,21.3215337656457,2018,
Small states,,2018,21.3215337656457,21.3215337656457,2018,
Solomon Islands,SLB,2007,40.4,37.9,2018,
Solomon Islands,SLB,2010,39.5,37.9,2018,
Solomon Islands,SLB,2012,39.1,37.9,2018,
Solomon Islands,SLB,2014,38.6,37.9,2018,
Solomon Islands,SLB,2016,38.1,37.9,2018,
Solomon Islands,SLB,2018,37.9,37.9,2018,
Solomon Islands,SLB,2015,,,,Oceania
Somalia,SOM,2015,,,,Africa
Somaliland,OWID_SML,2015,,,,Africa
South Africa,ZAF,2007,35,31.4,2018,
South Africa,ZAF,2010,33.9,31.4,2018,
South Africa,ZAF,2012,33.1,31.4,2018,
South Africa,ZAF,2014,32.5,31.4,2018,
South Africa,ZAF,2016,32,31.4,2018,
South Africa,ZAF,2018,31.4,31.4,2018,
South Africa,ZAF,2015,,,,Africa
South Asia,,2007,38.3516797555211,27.3747656735438,2018,
South Asia,,2010,34.8056673352696,27.3747656735438,2018,
South Asia,,2012,32.7105363112518,27.3747656735438,2018,
South Asia,,2014,30.786924068312,27.3747656735438,2018,
South Asia,,2016,29.0780149705397,27.3747656735438,2018,
South Asia,,2018,27.3747656735438,27.3747656735438,2018,
South Asia (IDA & IBRD),,2007,38.3516797555211,27.3747656735438,2018,
South Asia (IDA & IBRD),,2010,34.8056673352696,27.3747656735438,2018,
South Asia (IDA & IBRD),,2012,32.7105363112518,27.3747656735438,2018,
South Asia (IDA & IBRD),,2014,30.786924068312,27.3747656735438,2018,
South Asia (IDA & IBRD),,2016,29.0780149705397,27.3747656735438,2018,
South Asia (IDA & IBRD),,2018,27.3747656735438,27.3747656735438,2018,
South Georgia and the South Sandwich Islands,SGS,2015,,,,South America
South Korea,KOR,2007,29.1,22,2018,
South Korea,KOR,2010,26.9,22,2018,
South Korea,KOR,2012,25.7,22,2018,
South Korea,KOR,2014,24.4,22,2018,
South Korea,KOR,2016,23.3,22,2018,
South Korea,KOR,2018,22,22,2018,
South Korea,KOR,2015,,,,Asia
South Ossetia,OWID_SOS,2015,,,,Asia
South Sudan,SSD,2015,,,,Africa
Spain,ESP,2007,33.3,27.9,2018,
Spain,ESP,2010,31.6,27.9,2018,
Spain,ESP,2012,30.6,27.9,2018,
Spain,ESP,2014,29.6,27.9,2018,
Spain,ESP,2016,28.8,27.9,2018,
Spain,ESP,2018,27.9,27.9,2018,
Spain,ESP,2015,,,,Europe
Sri Lanka,LKA,2007,25.5,22.9,2018,
Sri Lanka,LKA,2010,24.6,22.9,2018,
Sri Lanka,LKA,2012,24.1,22.9,2018,
Sri Lanka,LKA,2014,23.6,22.9,2018,
Sri Lanka,LKA,2016,23.3,22.9,2018,
Sri Lanka,LKA,2018,22.9,22.9,2018,
Sri Lanka,LKA,2015,,,,Asia
Sub-Saharan Africa,,2007,14.7650580151859,11.4485000242946,2018,
Sub-Saharan Africa,,2010,13.7270772615088,11.4485000242946,2018,
Sub-Saharan Africa,,2012,13.071798134217,11.4485000242946,2018,
Sub-Saharan Africa,,2014,12.4869024269528,11.4485000242946,2018,
Sub-Saharan Africa,,2016,11.9524517087862,11.4485000242946,2018,
Sub-Saharan Africa,,2018,11.4485000242946,11.4485000242946,2018,
Sub-Saharan Africa (IDA & IBRD),,2007,14.7650580151858,11.4485000242946,2018,
Sub-Saharan Africa (IDA & IBRD),,2010,13.7270772615088,11.4485000242946,2018,
Sub-Saharan Africa (IDA & IBRD),,2012,13.071798134217,11.4485000242946,2018,
Sub-Saharan Africa (IDA & IBRD),,2014,12.4869024269528,11.4485000242946,2018,
Sub-Saharan Africa (IDA & IBRD),,2016,11.9524517087862,11.4485000242946,2018,
Sub-Saharan Africa (IDA & IBRD),,2018,11.4485000242946,11.4485000242946,2018,
Sub-Saharan Africa (excluding high income),,2007,14.763487111494,11.4470816175781,2018,
Sub-Saharan Africa (excluding high income),,2010,13.7254781330772,11.4470816175781,2018,
Sub-Saharan Africa (excluding high income),,2012,13.0702868865276,11.4470816175781,2018,
Sub-Saharan Africa (excluding high income),,2014,12.4854186727914,11.4470816175781,2018,
Sub-Saharan Africa (excluding high income),,2016,11.9509876027606,11.4470816175781,2018,
Sub-Saharan Africa (excluding high income),,2018,11.4470816175781,11.4470816175781,2018,
Sudan,SDN,2015,,,,Africa
Suriname,SUR,2015,,,,South America
Svalbard and Jan Mayen,SJM,2015,,,,Europe
Sweden,SWE,2007,41.7,28.8,2018,
Sweden,SWE,2010,37.6,28.8,2018,
Sweden,SWE,2012,35.1,28.8,2018,
Sweden,SWE,2014,32.9,28.8,2018,
Sweden,SWE,2016,30.8,28.8,2018,
Sweden,SWE,2018,28.8,28.8,2018,
Sweden,SWE,2015,,,,Europe
Switzerland,CHE,2007,27.1,25.1,2018,
Switzerland,CHE,2010,26.6,25.1,2018,
Switzerland,CHE,2012,26.2,25.1,2018,
Switzerland,CHE,2014,25.9,25.1,2018,
Switzerland,CHE,2016,25.4,25.1,2018,
Switzerland,CHE,2018,25.1,25.1,2018,
Switzerland,CHE,2015,,,,Europe
Syria,SYR,2015,,,,Asia
Taiwan,TWN,2015,,,,Asia
Tajikistan,TJK,2015,,,,Asia
Tanzania,TZA,2007,18.7,13.3,2018,
Tanzania,TZA,2010,17,13.3,2018,
Tanzania,TZA,2012,16,13.3,2018,
Tanzania,TZA,2014,15,13.3,2018,
Tanzania,TZA,2016,14.1,13.3,2018,
Tanzania,TZA,2018,13.3,13.3,2018,
Tanzania,TZA,2015,,,,Africa
Thailand,THA,2007,28.1,22.8,2018,
Thailand,THA,2010,26.5,22.8,2018,
Thailand,THA,2012,25.4,22.8,2018,
Thailand,THA,2014,24.5,22.8,2018,
Thailand,THA,2016,23.6,22.8,2018,
Thailand,THA,2018,22.8,22.8,2018,
Thailand,THA,2015,,,,Asia
Timor,TLS,2007,48.5,38.2,2018,
Timor,TLS,2010,45.6,38.2,2018,
Timor,TLS,2012,43.7,38.2,2018,
Timor,TLS,2014,41.8,38.2,2018,
Timor,TLS,2016,39.9,38.2,2018,
Timor,TLS,2018,38.2,38.2,2018,
Timor,TLS,2015,,,,Asia
Togo,TGO,2007,9.9,7.6,2018,
Togo,TGO,2010,9.2,7.6,2018,
Togo,TGO,2012,8.8,7.6,2018,
Togo,TGO,2014,8.3,7.6,2018,
Togo,TGO,2016,7.9,7.6,2018,
Togo,TGO,2018,7.6,7.6,2018,
Togo,TGO,2015,,,,Africa
Tokelau,TKL,2015,,,,Oceania
Tonga,TON,2007,31.7,30.2,2018,
Tonga,TON,2010,31.3,30.2,2018,
Tonga,TON,2012,31,30.2,2018,
Tonga,TON,2014,30.7,30.2,2018,
Tonga,TON,2016,30.4,30.2,2018,
Tonga,TON,2018,30.2,30.2,2018,
Tonga,TON,2015,,,,Oceania
Transnistria,OWID_TRS,2015,,,,Europe
Trinidad and Tobago,TTO,2015,,,,North America
Tunisia,TUN,2007,33.6,26,2018,
Tunisia,TUN,2010,31.3,26,2018,
Tunisia,TUN,2012,29.9,26,2018,
Tunisia,TUN,2014,28.6,26,2018,
Tunisia,TUN,2016,27.1,26,2018,
Tunisia,TUN,2018,26,26,2018,
Tunisia,TUN,2015,,,,Africa
Turkey,TUR,2007,32.6,29.3,2018,
Turkey,TUR,2010,31.7,29.3,2018,
Turkey,TUR,2012,31,29.3,2018,
Turkey,TUR,2014,30.4,29.3,2018,
Turkey,TUR,2016,29.8,29.3,2018,
Turkey,TUR,2018,29.3,29.3,2018,
Turkey,TUR,2015,,,,Asia
Turkmenistan,TKM,2015,,,,Asia
Turks and Caicos Islands,TCA,2015,,,,North America
Tuscany,OWID_TUS,2015,,,,Europe
Tuvalu,TUV,2007,56.7,48.7,2018,
Tuvalu,TUV,2010,54.4,48.7,2018,
Tuvalu,TUV,2012,52.9,48.7,2018,
Tuvalu,TUV,2014,51.4,48.7,2018,
Tuvalu,TUV,2016,50,48.7,2018,
Tuvalu,TUV,2018,48.7,48.7,2018,
Tuvalu,TUV,2015,,,,Oceania
Two Sicilies,OWID_SIC,2015,,,,Europe
USSR,OWID_USS,2015,,,,Europe
Uganda,UGA,2007,17.3,9.8,2018,
Uganda,UGA,2010,14.8,9.8,2018,
Uganda,UGA,2012,13.4,9.8,2018,
Uganda,UGA,2014,12,9.8,2018,
Uganda,UGA,2016,10.9,9.8,2018,
Uganda,UGA,2018,9.8,9.8,2018,
Uganda,UGA,2015,,,,Africa
Ukraine,UKR,2007,32.9,25.5,2018,
Ukraine,UKR,2010,30.7,25.5,2018,
Ukraine,UKR,2012,29.3,25.5,2018,
Ukraine,UKR,2014,28,25.5,2018,
Ukraine,UKR,2016,26.6,25.5,2018,
Ukraine,UKR,2018,25.5,25.5,2018,
Ukraine,UKR,2015,,,,Europe
United Arab Emirates,ARE,2007,20,18.2,2018,
United Arab Emirates,ARE,2010,19.4,18.2,2018,
United Arab Emirates,ARE,2012,19.1,18.2,2018,
United Arab Emirates,ARE,2014,18.9,18.2,2018,
United Arab Emirates,ARE,2016,18.5,18.2,2018,
United Arab Emirates,ARE,2018,18.2,18.2,2018,
United Arab Emirates,ARE,2015,,,,Asia
United Kingdom,GBR,2007,30.3,19.2,2018,
United Kingdom,GBR,2010,25.4,19.2,2018,
United Kingdom,GBR,2012,23.7,19.2,2018,
United Kingdom,GBR,2014,22,19.2,2018,
United Kingdom,GBR,2016,20.6,19.2,2018,
United Kingdom,GBR,2018,19.2,19.2,2018,
United Kingdom,GBR,2015,,,,Europe
United Korea,OWID_KRU,2015,,,,Asia
United States,USA,2007,29.1,25.1,2018,
United States,USA,2010,27.9,25.1,2018,
United States,USA,2012,27.2,25.1,2018,
United States,USA,2014,26.4,25.1,2018,
United States,USA,2016,25.7,25.1,2018,
United States,USA,2018,25.1,25.1,2018,
United States,USA,2015,,,,North America
United States Minor Outlying Islands,UMI,2015,,,,Oceania
United States Virgin Islands,VIR,2015,,,,North America
Upper middle income,,2007,27.3613684769502,23.3113744112248,2018,
Upper middle income,,2010,26.1785983669862,23.3113744112248,2018,
Upper middle income,,2012,25.3979995116152,23.3113744112248,2018,
Upper middle income,,2014,24.6005017607233,23.3113744112248,2018,
Upper middle income,,2016,23.9413306813137,23.3113744112248,2018,
Upper middle income,,2018,23.3113744112248,23.3113744112248,2018,
Uruguay,URY,2007,31.1,21.8,2018,
Uruguay,URY,2010,28.3,21.8,2018,
Uruguay,URY,2012,26.4,21.8,2018,
Uruguay,URY,2014,24.7,21.8,2018,
Uruguay,URY,2016,23.2,21.8,2018,
Uruguay,URY,2018,21.8,21.8,2018,
Uruguay,URY,2015,,,,South America
Uzbekistan,UZB,2007,14.4,12.3,2018,
Uzbekistan,UZB,2010,13.8,12.3,2018,
Uzbekistan,UZB,2012,13.4,12.3,2018,
Uzbekistan,UZB,2014,13,12.3,2018,
Uzbekistan,UZB,2016,12.6,12.3,2018,
Uzbekistan,UZB,2018,12.3,12.3,2018,
Uzbekistan,UZB,2015,,,,Asia
Vanuatu,VUT,2007,28.3,24.1,2018,
Vanuatu,VUT,2010,27.2,24.1,2018,
Vanuatu,VUT,2012,26.2,24.1,2018,
Vanuatu,VUT,2014,25.6,24.1,2018,
Vanuatu,VUT,2016,24.8,24.1,2018,
Vanuatu,VUT,2018,24.1,24.1,2018,
Vanuatu,VUT,2015,,,,Oceania
Vatican,VAT,2015,,,,Europe
Venezuela,VEN,2015,,,,South America
Vietnam,VNM,2015,,,,Asia
Wallis and Futuna,WLF,2015,,,,Oceania
West Germany,OWID_GFR,2015,,,,Europe
Western Sahara,ESH,2015,,,,Africa
World,OWID_WRL,2007,29.680636333861,23.8250238468837,2018,
World,OWID_WRL,2010,27.8670072615142,23.8250238468837,2018,
World,OWID_WRL,2012,26.7552306678254,23.8250238468837,2018,
World,OWID_WRL,2014,25.6889459438251,23.8250238468837,2018,
World,OWID_WRL,2016,24.7393405917325,23.8250238468837,2018,
World,OWID_WRL,2018,23.8250238468837,23.8250238468837,2018,
Wuerttemburg,OWID_WRT,2015,,,,Europe
Yemen,YEM,2007,26.2,20.9,2018,
Yemen,YEM,2010,24.5,20.9,2018,
Yemen,YEM,2012,23.5,20.9,2018,
Yemen,YEM,2014,22.6,20.9,2018,
Yemen,YEM,2016,21.7,20.9,2018,
Yemen,YEM,2018,20.9,20.9,2018,
Yemen,YEM,2015,,,,Asia
Yemen Arab Republic,OWID_YAR,2015,,,,Asia
Yemen People's Republic,OWID_YPR,2015,,,,Asia
Yugoslavia,OWID_YGS,2015,,,,Europe
Zambia,ZMB,2007,17.6,14.7,2018,
Zambia,ZMB,2010,16.7,14.7,2018,
Zambia,ZMB,2012,16.2,14.7,2018,
Zambia,ZMB,2014,15.7,14.7,2018,
Zambia,ZMB,2016,15.2,14.7,2018,
Zambia,ZMB,2018,14.7,14.7,2018,
Zambia,ZMB,2015,,,,Africa
Zanzibar,OWID_ZAN,2015,,,,Africa
Zimbabwe,ZWE,2007,16.4,13.9,2018,
Zimbabwe,ZWE,2010,15.6,13.9,2018,
Zimbabwe,ZWE,2012,15.2,13.9,2018,
Zimbabwe,ZWE,2014,14.7,13.9,2018,
Zimbabwe,ZWE,2016,14.3,13.9,2018,
Zimbabwe,ZWE,2018,13.9,13.9,2018,
Zimbabwe,ZWE,2015,,,,Africa
√Öland Islands,ALA,2015,,,,Europe