Entity,Code,Year,Prevalence of current tobacco use (% of adults)
Africa Eastern and Southern,,2007,19.2927697628975
Africa Eastern and Southern,,2010,17.8816283461427
Africa Eastern and Southern,,2012,16.9736120531093
Africa Eastern and Southern,,2014,16.1418192164527
Africa Eastern and Southern,,2016,15.3917680642914
Africa Eastern and Southern,,2018,14.662273186829
Africa Western and Central,,2007,9.43579539292609
Africa Western and Central,,2010,8.84538935698053
Africa Western and Central,,2012,8.47250133053276
Africa Western and Central,,2014,8.16395428731273
Africa Western and Central,,2016,7.8724474958932
Africa Western and Central,,2018,7.62886454977302
Albania,ALB,2007,32
Albania,ALB,2010,31.1
Albania,ALB,2012,30.5
Albania,ALB,2014,30.1
Albania,ALB,2016,29.7
Albania,ALB,2018,29.2
Algeria,DZA,2007,20.8
Algeria,DZA,2010,20
Algeria,DZA,2012,19.8
Algeria,DZA,2014,19.4
Algeria,DZA,2016,19.1
Algeria,DZA,2018,18.8
Andorra,AND,2007,35.1
Andorra,AND,2010,34.7
Andorra,AND,2012,34.5
Andorra,AND,2014,34.1
Andorra,AND,2016,33.9
Andorra,AND,2018,33.8
Arab World,,2007,22.1332169793051
Arab World,,2010,21.3419253251007
Arab World,,2012,20.9438020217707
Arab World,,2014,20.6900391932896
Arab World,,2016,20.3230937278064
Arab World,,2018,20.0474051278364
Argentina,ARG,2007,34.1
Argentina,ARG,2010,30.1
Argentina,ARG,2012,27.8
Argentina,ARG,2014,25.6
Argentina,ARG,2016,23.6
Argentina,ARG,2018,21.8
Armenia,ARM,2007,31.3
Armenia,ARM,2010,30
Armenia,ARM,2012,29.1
Armenia,ARM,2014,28.3
Armenia,ARM,2016,27.5
Armenia,ARM,2018,26.7
Australia,AUS,2007,22.4
Australia,AUS,2010,20.4
Australia,AUS,2012,19.3
Australia,AUS,2014,18.2
Australia,AUS,2016,17.1
Australia,AUS,2018,16.2
Austria,AUT,2007,39.4
Austria,AUT,2010,36.1
Austria,AUT,2012,34.2
Austria,AUT,2014,32.5
Austria,AUT,2016,30.7
Austria,AUT,2018,29.1
Azerbaijan,AZE,2007,24.2
Azerbaijan,AZE,2010,22.8
Azerbaijan,AZE,2012,21.9
Azerbaijan,AZE,2014,21.1
Azerbaijan,AZE,2016,20.3
Azerbaijan,AZE,2018,19.6
Bahamas,BHS,2007,11.3
Bahamas,BHS,2010,11.1
Bahamas,BHS,2012,11
Bahamas,BHS,2014,11
Bahamas,BHS,2016,10.9
Bahamas,BHS,2018,10.9
Bahrain,BHR,2007,26.5
Bahrain,BHR,2010,26
Bahrain,BHR,2012,25.7
Bahrain,BHR,2014,25.5
Bahrain,BHR,2016,25.3
Bahrain,BHR,2018,25.1
Bangladesh,BGD,2007,45.5
Bangladesh,BGD,2010,43.5
Bangladesh,BGD,2012,42.3
Bangladesh,BGD,2014,41.1
Bangladesh,BGD,2016,40.1
Bangladesh,BGD,2018,39.1
Barbados,BRB,2007,9.6
Barbados,BRB,2010,9.3
Barbados,BRB,2012,9.1
Barbados,BRB,2014,8.9
Barbados,BRB,2016,8.8
Barbados,BRB,2018,8.7
Belarus,BLR,2007,32.6
Belarus,BLR,2010,31
Belarus,BLR,2012,29.7
Belarus,BLR,2014,28.7
Belarus,BLR,2016,27.5
Belarus,BLR,2018,26.6
Belgium,BEL,2007,27.8
Belgium,BEL,2010,27
Belgium,BEL,2012,26.5
Belgium,BEL,2014,25.9
Belgium,BEL,2016,25.5
Belgium,BEL,2018,25
Benin,BEN,2007,12.1
Benin,BEN,2010,10.4
Benin,BEN,2012,9.5
Benin,BEN,2014,8.7
Benin,BEN,2016,7.8
Benin,BEN,2018,7.2
Bosnia and Herzegovina,BIH,2007,42.8
Bosnia and Herzegovina,BIH,2010,41.4
Bosnia and Herzegovina,BIH,2012,40.6
Bosnia and Herzegovina,BIH,2014,39.7
Bosnia and Herzegovina,BIH,2016,39.1
Bosnia and Herzegovina,BIH,2018,38.3
Botswana,BWA,2007,27.7
Botswana,BWA,2010,26.4
Botswana,BWA,2012,25.6
Botswana,BWA,2014,24.9
Botswana,BWA,2016,24.3
Botswana,BWA,2018,23.7
Brazil,BRA,2007,25
Brazil,BRA,2010,22.3
Brazil,BRA,2012,20.7
Brazil,BRA,2014,19.2
Brazil,BRA,2016,17.8
Brazil,BRA,2018,16.5
Brunei,BRN,2007,16.5
Brunei,BRN,2010,16.1
Brunei,BRN,2012,16
Brunei,BRN,2014,15.8
Brunei,BRN,2016,15.7
Brunei,BRN,2018,15.5
Bulgaria,BGR,2007,44.8
Bulgaria,BGR,2010,43.1
Bulgaria,BGR,2012,42
Bulgaria,BGR,2014,41.1
Bulgaria,BGR,2016,40.1
Bulgaria,BGR,2018,38.9
Burkina Faso,BFA,2007,22.7
Burkina Faso,BFA,2010,20.4
Burkina Faso,BFA,2012,19.1
Burkina Faso,BFA,2014,18
Burkina Faso,BFA,2016,16.9
Burkina Faso,BFA,2018,16
Burundi,BDI,2007,16.9
Burundi,BDI,2010,15.5
Burundi,BDI,2012,14.8
Burundi,BDI,2014,14
Burundi,BDI,2016,13.2
Burundi,BDI,2018,12.6
Cambodia,KHM,2007,34.6
Cambodia,KHM,2010,30.6
Cambodia,KHM,2012,28.1
Cambodia,KHM,2014,25.8
Cambodia,KHM,2016,23.6
Cambodia,KHM,2018,21.8
Cameroon,CMR,2007,9.7
Cameroon,CMR,2010,9.6
Cameroon,CMR,2012,9.5
Cameroon,CMR,2014,9.4
Cameroon,CMR,2016,9.4
Cameroon,CMR,2018,9.3
Canada,CAN,2007,28.1
Canada,CAN,2010,24.7
Canada,CAN,2012,22.6
Canada,CAN,2014,20.7
Canada,CAN,2016,19.1
Canada,CAN,2018,17.5
Central Europe and the Baltics,,2007,34.8730670012952
Central Europe and the Baltics,,2010,32.9882790287427
Central Europe and the Baltics,,2012,31.850320642345
Central Europe and the Baltics,,2014,30.7687841139455
Central Europe and the Baltics,,2016,29.7880478836802
Central Europe and the Baltics,,2018,28.7830049372067
Chad,TCD,2007,13.6
Chad,TCD,2010,13
Chad,TCD,2012,12.6
Chad,TCD,2014,12.3
Chad,TCD,2016,12.1
Chad,TCD,2018,11.8
Chile,CHL,2007,49.6
Chile,CHL,2010,48.3
Chile,CHL,2012,47.2
Chile,CHL,2014,46.2
Chile,CHL,2016,45.5
Chile,CHL,2018,44.7
China,CHN,2007,27.3
China,CHN,2010,26.6
China,CHN,2012,26.1
China,CHN,2014,25.5
China,CHN,2016,25.1
China,CHN,2018,24.7
Colombia,COL,2007,12.4
Colombia,COL,2010,11
Colombia,COL,2012,10.1
Colombia,COL,2014,9.3
Colombia,COL,2016,8.6
Colombia,COL,2018,7.9
Comoros,COM,2007,30.4
Comoros,COM,2010,26.6
Comoros,COM,2012,24.4
Comoros,COM,2014,22.6
Comoros,COM,2016,20.9
Comoros,COM,2018,19.5
Congo,COG,2007,12.6
Congo,COG,2010,13.5
Congo,COG,2012,14
Congo,COG,2014,14.7
Congo,COG,2016,15.4
Congo,COG,2018,16.1
Costa Rica,CRI,2007,14.2
Costa Rica,CRI,2010,12.8
Costa Rica,CRI,2012,11.9
Costa Rica,CRI,2014,11.2
Costa Rica,CRI,2016,10.5
Costa Rica,CRI,2018,9.8
Cote d'Ivoire,CIV,2007,16.9
Cote d'Ivoire,CIV,2010,15.6
Cote d'Ivoire,CIV,2012,14.9
Cote d'Ivoire,CIV,2014,14.2
Cote d'Ivoire,CIV,2016,13.4
Cote d'Ivoire,CIV,2018,13
Croatia,HRV,2007,35.3
Croatia,HRV,2010,35.6
Croatia,HRV,2012,35.8
Croatia,HRV,2014,36.1
Croatia,HRV,2016,36.3
Croatia,HRV,2018,36.6
Cuba,CUB,2007,37.8
Cuba,CUB,2010,34.4
Cuba,CUB,2012,32.3
Cuba,CUB,2014,30.4
Cuba,CUB,2016,28.6
Cuba,CUB,2018,27.1
Cyprus,CYP,2007,40
Cyprus,CYP,2010,38.8
Cyprus,CYP,2012,38.3
Cyprus,CYP,2014,37.6
Cyprus,CYP,2016,37.1
Cyprus,CYP,2018,36.7
Czechia,CZE,2007,33.4
Czechia,CZE,2010,32.9
Czechia,CZE,2012,32.5
Czechia,CZE,2014,32.2
Czechia,CZE,2016,31.9
Czechia,CZE,2018,31.5
Denmark,DNK,2007,28.5
Denmark,DNK,2010,25.3
Denmark,DNK,2012,23.4
Denmark,DNK,2014,21.6
Denmark,DNK,2016,20
Denmark,DNK,2018,18.6
Dominican Republic,DOM,2007,14.3
Dominican Republic,DOM,2010,12.6
Dominican Republic,DOM,2012,11.7
Dominican Republic,DOM,2014,10.8
Dominican Republic,DOM,2016,10.1
Dominican Republic,DOM,2018,9.4
Early-demographic dividend,,2007,33.8560093582259
Early-demographic dividend,,2010,31.2024617538898
Early-demographic dividend,,2012,29.625698878998
Early-demographic dividend,,2014,28.1921065503036
Early-demographic dividend,,2016,26.8954257191129
Early-demographic dividend,,2018,25.645505885434
East Asia & Pacific,,2007,29.3169402336372
East Asia & Pacific,,2010,28.3751114439679
East Asia & Pacific,,2012,27.7505753994429
East Asia & Pacific,,2014,27.0904474233234
East Asia & Pacific,,2016,26.5720926164895
East Asia & Pacific,,2018,26.0975233390865
East Asia & Pacific (IDA & IBRD),,2007,29.6570230965349
East Asia & Pacific (IDA & IBRD),,2010,28.8370158780332
East Asia & Pacific (IDA & IBRD),,2012,28.2813440493918
East Asia & Pacific (IDA & IBRD),,2014,27.6786887472648
East Asia & Pacific (IDA & IBRD),,2016,27.2208084667752
East Asia & Pacific (IDA & IBRD),,2018,26.7994157841112
East Asia & Pacific (excluding high income),,2007,29.5363619027461
East Asia & Pacific (excluding high income),,2010,28.7201597840019
East Asia & Pacific (excluding high income),,2012,28.1675466219976
East Asia & Pacific (excluding high income),,2014,27.5688262981859
East Asia & Pacific (excluding high income),,2016,27.1143489836645
East Asia & Pacific (excluding high income),,2018,26.6959195857211
Egypt,EGY,2007,21.3
Egypt,EGY,2010,21.2
Egypt,EGY,2012,21.1
Egypt,EGY,2014,21.3
Egypt,EGY,2016,21.3
Egypt,EGY,2018,21.4
El Salvador,SLV,2007,16.2
El Salvador,SLV,2010,15.1
El Salvador,SLV,2012,14.5
El Salvador,SLV,2014,13.8
El Salvador,SLV,2016,13.3
El Salvador,SLV,2018,12.7
Eritrea,ERI,2007,10.2
Eritrea,ERI,2010,9.2
Eritrea,ERI,2012,8.7
Eritrea,ERI,2014,8.2
Eritrea,ERI,2016,7.7
Eritrea,ERI,2018,7.2
Estonia,EST,2007,36.4
Estonia,EST,2010,34.7
Estonia,EST,2012,33.6
Estonia,EST,2014,32.4
Estonia,EST,2016,31.5
Estonia,EST,2018,30.5
Eswatini,SWZ,2007,11.4
Eswatini,SWZ,2010,11.1
Eswatini,SWZ,2012,11
Eswatini,SWZ,2014,10.9
Eswatini,SWZ,2016,10.8
Eswatini,SWZ,2018,10.7
Ethiopia,ETH,2007,5.8
Ethiopia,ETH,2010,5.5
Ethiopia,ETH,2012,5.2
Ethiopia,ETH,2014,5
Ethiopia,ETH,2016,4.8
Ethiopia,ETH,2018,4.6
Euro area,,2007,31.2503690720709
Euro area,,2010,30.3955085351369
Euro area,,2012,29.8388431729203
Euro area,,2014,29.3177923892057
Euro area,,2016,28.8418282168692
Euro area,,2018,28.3700348332113
Europe & Central Asia,,2007,31.4629296971278
Europe & Central Asia,,2010,29.9787295832595
Europe & Central Asia,,2012,29.1086667141577
Europe & Central Asia,,2014,28.3111322621251
Europe & Central Asia,,2016,27.5610671427367
Europe & Central Asia,,2018,26.8811882547014
Europe & Central Asia (IDA & IBRD),,2007,31.6677996259511
Europe & Central Asia (IDA & IBRD),,2010,30.2388539488992
Europe & Central Asia (IDA & IBRD),,2012,29.2832774738984
Europe & Central Asia (IDA & IBRD),,2014,28.4444085192225
Europe & Central Asia (IDA & IBRD),,2016,27.6206404670156
Europe & Central Asia (IDA & IBRD),,2018,26.9264598802082
Europe & Central Asia (excluding high income),,2007,31.3675043535497
Europe & Central Asia (excluding high income),,2010,30.0330785844008
Europe & Central Asia (excluding high income),,2012,29.1221004289851
Europe & Central Asia (excluding high income),,2014,28.3395718551876
Europe & Central Asia (excluding high income),,2016,27.5446458449866
Europe & Central Asia (excluding high income),,2018,26.9140464037199
European Union,,2007,32.2658712627026
European Union,,2010,31.0585760543835
European Union,,2012,30.3017538359028
European Union,,2014,29.5885201059091
European Union,,2016,28.9408696025037
European Union,,2018,28.2944444542894
Fiji,FJI,2007,29.9
Fiji,FJI,2010,29
Fiji,FJI,2012,28.5
Fiji,FJI,2014,27.7
Fiji,FJI,2016,27.1
Fiji,FJI,2018,26.7
Finland,FIN,2007,25
Finland,FIN,2010,23.4
Finland,FIN,2012,22.3
Finland,FIN,2014,21.3
Finland,FIN,2016,20.4
Finland,FIN,2018,19.7
Fragile and conflict affected situations,,2007,17.7859638303555
Fragile and conflict affected situations,,2010,16.5606485069784
Fragile and conflict affected situations,,2012,15.8292179332281
Fragile and conflict affected situations,,2014,15.2048371177059
Fragile and conflict affected situations,,2016,14.5492039498561
Fragile and conflict affected situations,,2018,13.9815746461615
France,FRA,2007,34.5
France,FRA,2010,34.5
France,FRA,2012,34.5
France,FRA,2014,34.6
France,FRA,2016,34.6
France,FRA,2018,34.6
Gambia,GMB,2007,18.3
Gambia,GMB,2010,17.1
Gambia,GMB,2012,16.3
Gambia,GMB,2014,15.7
Gambia,GMB,2016,15
Gambia,GMB,2018,14.4
Georgia,GEO,2007,32.4
Georgia,GEO,2010,31.6
Georgia,GEO,2012,30.9
Georgia,GEO,2014,30.6
Georgia,GEO,2016,30.1
Georgia,GEO,2018,29.7
Germany,DEU,2007,31.2
Germany,DEU,2010,30.3
Germany,DEU,2012,29.7
Germany,DEU,2014,29.1
Germany,DEU,2016,28.6
Germany,DEU,2018,28
Ghana,GHA,2007,5.1
Ghana,GHA,2010,4.7
Ghana,GHA,2012,4.4
Ghana,GHA,2014,4.1
Ghana,GHA,2016,3.9
Ghana,GHA,2018,3.7
Greece,GRC,2007,45.3
Greece,GRC,2010,43.4
Greece,GRC,2012,42.1
Greece,GRC,2014,41.2
Greece,GRC,2016,40.2
Greece,GRC,2018,39.1
Guyana,GUY,2007,19.5
Guyana,GUY,2010,17.1
Guyana,GUY,2012,15.6
Guyana,GUY,2014,14.4
Guyana,GUY,2016,13.2
Guyana,GUY,2018,12.2
Haiti,HTI,2007,10.4
Haiti,HTI,2010,9.7
Haiti,HTI,2012,9.3
Haiti,HTI,2014,8.9
Haiti,HTI,2016,8.6
Haiti,HTI,2018,8.3
Heavily indebted poor countries (HIPC),,2007,14.3691519551399
Heavily indebted poor countries (HIPC),,2010,13.2148895983223
Heavily indebted poor countries (HIPC),,2012,12.5133709010258
Heavily indebted poor countries (HIPC),,2014,11.8671509347395
Heavily indebted poor countries (HIPC),,2016,11.2860441100868
Heavily indebted poor countries (HIPC),,2018,10.7764838462942
High income,,2007,29.7914607565563
High income,,2010,28.1547464197918
High income,,2012,27.2203331846922
High income,,2014,26.3077470946287
High income,,2016,25.5024216543462
High income,,2018,24.7518659609152
Hungary,HUN,2007,35.9
Hungary,HUN,2010,34.2
Hungary,HUN,2012,33.5
Hungary,HUN,2014,32.4
Hungary,HUN,2016,31.4
Hungary,HUN,2018,30.6
IBRD only,,2007,30.8394810764664
IBRD only,,2010,29.0561213676322
IBRD only,,2012,27.9433507819166
IBRD only,,2014,26.8789703443347
IBRD only,,2016,25.9434853984799
IBRD only,,2018,25.0288064959293
IDA & IBRD total,,2007,29.7937586038034
IDA & IBRD total,,2010,27.9315307630915
IDA & IBRD total,,2012,26.7737777604145
IDA & IBRD total,,2014,25.6678916706456
IDA & IBRD total,,2016,24.6842894726054
IDA & IBRD total,,2018,23.7306399534723
IDA blend,,2007,18.4723311964591
IDA blend,,2010,16.7063300493445
IDA blend,,2012,15.6722014492349
IDA blend,,2014,14.6950963513392
IDA blend,,2016,13.8479738814781
IDA blend,,2018,12.9947837559371
IDA only,,2007,28.7473923164122
IDA only,,2010,26.5690151762829
IDA only,,2012,25.2316067709374
IDA only,,2014,23.9817711099617
IDA only,,2016,22.817106788392
IDA only,,2018,21.7880963058048
IDA total,,2007,24.7382634876471
IDA total,,2010,22.7041265239087
IDA total,,2012,21.4824210115724
IDA total,,2014,20.3397736771458
IDA total,,2016,19.3033719736747
IDA total,,2018,18.349221565551
Iceland,ISL,2007,22.1
Iceland,ISL,2010,19.4
Iceland,ISL,2012,17.8
Iceland,ISL,2014,16.4
Iceland,ISL,2016,15
Iceland,ISL,2018,13.8
India,IND,2007,38.5
India,IND,2010,34.8
India,IND,2012,32.6
India,IND,2014,30.6
India,IND,2016,28.8
India,IND,2018,27
Indonesia,IDN,2007,39.3
Indonesia,IDN,2010,38.8
Indonesia,IDN,2012,38.5
Indonesia,IDN,2014,38.3
Indonesia,IDN,2016,38.1
Indonesia,IDN,2018,37.9
Iran,IRN,2007,18
Iran,IRN,2010,16.8
Iran,IRN,2012,16.1
Iran,IRN,2014,15.3
Iran,IRN,2016,14.6
Iran,IRN,2018,14
Iraq,IRQ,2007,25.2
Iraq,IRQ,2010,24.2
Iraq,IRQ,2012,23.6
Iraq,IRQ,2014,23.1
Iraq,IRQ,2016,22.6
Iraq,IRQ,2018,22.2
Ireland,IRL,2007,30.2
Ireland,IRL,2010,28.2
Ireland,IRL,2012,26.9
Ireland,IRL,2014,25.9
Ireland,IRL,2016,24.6
Ireland,IRL,2018,23.6
Israel,ISR,2007,28.7
Israel,ISR,2010,27.8
Israel,ISR,2012,27.2
Israel,ISR,2014,26.6
Israel,ISR,2016,26
Israel,ISR,2018,25.5
Italy,ITA,2007,25.1
Italy,ITA,2010,24.7
Italy,ITA,2012,24.3
Italy,ITA,2014,24
Italy,ITA,2016,23.6
Italy,ITA,2018,23.4
Jamaica,JAM,2007,15.4
Jamaica,JAM,2010,14
Jamaica,JAM,2012,13.1
Jamaica,JAM,2014,12.4
Jamaica,JAM,2016,11.6
Jamaica,JAM,2018,11
Japan,JPN,2007,28.3
Japan,JPN,2010,26.4
Japan,JPN,2012,25.1
Japan,JPN,2014,23.9
Japan,JPN,2016,22.8
Japan,JPN,2018,21.9
Kazakhstan,KAZ,2007,29.4
Kazakhstan,KAZ,2010,27.9
Kazakhstan,KAZ,2012,27
Kazakhstan,KAZ,2014,26.2
Kazakhstan,KAZ,2016,25.3
Kazakhstan,KAZ,2018,24.4
Kenya,KEN,2007,15.6
Kenya,KEN,2010,14.4
Kenya,KEN,2012,13.7
Kenya,KEN,2014,13
Kenya,KEN,2016,12.4
Kenya,KEN,2018,11.8
Kiribati,KIR,2007,61.2
Kiribati,KIR,2010,58.1
Kiribati,KIR,2012,56.7
Kiribati,KIR,2014,55.2
Kiribati,KIR,2016,53.5
Kiribati,KIR,2018,52
Kuwait,KWT,2007,24.4
Kuwait,KWT,2010,23.6
Kuwait,KWT,2012,23.2
Kuwait,KWT,2014,22.8
Kuwait,KWT,2016,22.4
Kuwait,KWT,2018,22.1
Kyrgyzstan,KGZ,2007,30.1
Kyrgyzstan,KGZ,2010,29.4
Kyrgyzstan,KGZ,2012,29
Kyrgyzstan,KGZ,2014,28.6
Kyrgyzstan,KGZ,2016,28.2
Kyrgyzstan,KGZ,2018,27.9
Laos,LAO,2007,51.1
Laos,LAO,2010,47
Laos,LAO,2012,44.4
Laos,LAO,2014,42.2
Laos,LAO,2016,39.9
Laos,LAO,2018,37.8
Late-demographic dividend,,2007,27.4328647981549
Late-demographic dividend,,2010,26.3486637733667
Late-demographic dividend,,2012,25.6258574065237
Late-demographic dividend,,2014,24.8766078323517
Late-demographic dividend,,2016,24.2724137378123
Late-demographic dividend,,2018,23.6936517661701
Latin America & Caribbean,,2007,23.5904574613324
Latin America & Caribbean,,2010,21.1262341987583
Latin America & Caribbean,,2012,19.6763512824138
Latin America & Caribbean,,2014,18.3150294922186
Latin America & Caribbean,,2016,17.0788107662143
Latin America & Caribbean,,2018,15.917476831889
Latin America & Caribbean (IDA & IBRD),,2007,23.2235117793446
Latin America & Caribbean (IDA & IBRD),,2010,20.7975972574431
Latin America & Caribbean (IDA & IBRD),,2012,19.3706313133492
Latin America & Caribbean (IDA & IBRD),,2014,18.0277994805383
Latin America & Caribbean (IDA & IBRD),,2016,16.8109347472217
Latin America & Caribbean (IDA & IBRD),,2018,15.6631485968956
Latin America & Caribbean (excluding high income),,2007,22.5629410203739
Latin America & Caribbean (excluding high income),,2010,20.0562701691024
Latin America & Caribbean (excluding high income),,2012,18.6002211629084
Latin America & Caribbean (excluding high income),,2014,17.2304211408991
Latin America & Caribbean (excluding high income),,2016,15.9741879024958
Latin America & Caribbean (excluding high income),,2018,14.7948404196645
Latvia,LVA,2007,39
Latvia,LVA,2010,38.4
Latvia,LVA,2012,37.9
Latvia,LVA,2014,37.5
Latvia,LVA,2016,37.1
Latvia,LVA,2018,36.7
Least developed countries: UN classification,,2007,30.0448673953858
Least developed countries: UN classification,,2010,27.769065182755
Least developed countries: UN classification,,2012,26.3662555949944
Least developed countries: UN classification,,2014,25.0558536863771
Least developed countries: UN classification,,2016,23.83437916644
Least developed countries: UN classification,,2018,22.7454190404146
Lebanon,LBN,2007,43.3
Lebanon,LBN,2010,42.9
Lebanon,LBN,2012,42.9
Lebanon,LBN,2014,42.7
Lebanon,LBN,2016,42.6
Lebanon,LBN,2018,42.6
Lesotho,LSO,2007,25.1
Lesotho,LSO,2010,26
Lesotho,LSO,2012,26.8
Lesotho,LSO,2014,27.7
Lesotho,LSO,2016,28.7
Lesotho,LSO,2018,29.7
Liberia,LBR,2007,11.3
Liberia,LBR,2010,10.4
Liberia,LBR,2012,9.9
Liberia,LBR,2014,9.3
Liberia,LBR,2016,8.8
Liberia,LBR,2018,8.4
Lithuania,LTU,2007,32.4
Lithuania,LTU,2010,30.8
Lithuania,LTU,2012,29.8
Lithuania,LTU,2014,29
Lithuania,LTU,2016,28
Lithuania,LTU,2018,27.1
Low & middle income,,2007,29.6534243245859
Low & middle income,,2010,27.7976499710699
Low & middle income,,2012,26.6449811214144
Low & middle income,,2014,25.5444098768774
Low & middle income,,2016,24.563767103485
Low & middle income,,2018,23.6153454278696
Lower middle income,,2007,33.2759232830242
Lower middle income,,2010,30.6625909175006
Lower middle income,,2012,29.1083287656845
Lower middle income,,2014,27.6870439144685
Lower middle income,,2016,26.3874969902788
Lower middle income,,2018,25.1338549253083
Luxembourg,LUX,2007,26.2
Luxembourg,LUX,2010,24.9
Luxembourg,LUX,2012,24
Luxembourg,LUX,2014,23.3
Luxembourg,LUX,2016,22.5
Luxembourg,LUX,2018,21.7
Madagascar,MDG,2007,36.5
Madagascar,MDG,2010,34
Madagascar,MDG,2012,32.5
Madagascar,MDG,2014,31.2
Madagascar,MDG,2016,30
Madagascar,MDG,2018,28.9
Malawi,MWI,2007,19.5
Malawi,MWI,2010,17.4
Malawi,MWI,2012,16
Malawi,MWI,2014,14.9
Malawi,MWI,2016,13.8
Malawi,MWI,2018,12.8
Malaysia,MYS,2007,25.7
Malaysia,MYS,2010,24.5
Malaysia,MYS,2012,23.8
Malaysia,MYS,2014,23.1
Malaysia,MYS,2016,22.5
Malaysia,MYS,2018,21.8
Mali,MLI,2007,12.5
Mali,MLI,2010,12.3
Mali,MLI,2012,12.2
Mali,MLI,2014,12.1
Mali,MLI,2016,12.1
Mali,MLI,2018,12
Malta,MLT,2007,30.1
Malta,MLT,2010,28.6
Malta,MLT,2012,27.8
Malta,MLT,2014,26.8
Malta,MLT,2016,25.9
Malta,MLT,2018,25.1
Mauritius,MUS,2007,31.7
Mauritius,MUS,2010,30.1
Mauritius,MUS,2012,29.1
Mauritius,MUS,2014,28.2
Mauritius,MUS,2016,27.6
Mauritius,MUS,2018,26.9
Mexico,MEX,2007,19.4
Mexico,MEX,2010,17.7
Mexico,MEX,2012,16.7
Mexico,MEX,2014,15.7
Mexico,MEX,2016,14.8
Mexico,MEX,2018,13.9
Middle East & North Africa,,2007,21.3039238522432
Middle East & North Africa,,2010,20.4449259111449
Middle East & North Africa,,2012,19.9953440867714
Middle East & North Africa,,2014,19.6351842456058
Middle East & North Africa,,2016,19.2115119355894
Middle East & North Africa,,2018,18.881129803824
Middle East & North Africa (IDA & IBRD),,2007,21.624116441242
Middle East & North Africa (IDA & IBRD),,2010,20.7377457019472
Middle East & North Africa (IDA & IBRD),,2012,20.2741908885622
Middle East & North Africa (IDA & IBRD),,2014,19.8889161227707
Middle East & North Africa (IDA & IBRD),,2016,19.4422653027161
Middle East & North Africa (IDA & IBRD),,2018,19.0771407592796
Middle East & North Africa (excluding high income),,2007,21.624116441242
Middle East & North Africa (excluding high income),,2010,20.7377457019472
Middle East & North Africa (excluding high income),,2012,20.2741908885622
Middle East & North Africa (excluding high income),,2014,19.8889161227707
Middle East & North Africa (excluding high income),,2016,19.4422653027161
Middle East & North Africa (excluding high income),,2018,19.0771407592796
Middle income,,2007,30.2932733630331
Middle income,,2010,28.4370670334845
Middle income,,2012,27.2863414931834
Middle income,,2014,26.1875659516031
Middle income,,2016,25.2118623391994
Middle income,,2018,24.267294601066
Moldova,MDA,2007,24.7
Moldova,MDA,2010,24.8
Moldova,MDA,2012,25
Moldova,MDA,2014,25
Moldova,MDA,2016,25.1
Moldova,MDA,2018,25.3
Mongolia,MNG,2007,33.4
Mongolia,MNG,2010,31.9
Mongolia,MNG,2012,30.7
Mongolia,MNG,2014,29.6
Mongolia,MNG,2016,28.4
Mongolia,MNG,2018,27.6
Morocco,MAR,2007,19.4
Morocco,MAR,2010,18
Morocco,MAR,2012,17.1
Morocco,MAR,2014,16.4
Morocco,MAR,2016,15.5
Morocco,MAR,2018,14.7
Mozambique,MOZ,2007,21.4
Mozambique,MOZ,2010,19.2
Mozambique,MOZ,2012,17.9
Mozambique,MOZ,2014,16.6
Mozambique,MOZ,2016,15.4
Mozambique,MOZ,2018,14.4
Myanmar,MMR,2007,55.4
Myanmar,MMR,2010,52.5
Myanmar,MMR,2012,50.5
Myanmar,MMR,2014,48.8
Myanmar,MMR,2016,46.8
Myanmar,MMR,2018,45.5
Namibia,NAM,2007,21.9
Namibia,NAM,2010,20.4
Namibia,NAM,2012,19.6
Namibia,NAM,2014,18.9
Namibia,NAM,2016,18.3
Namibia,NAM,2018,17.9
Nauru,NRU,2007,62.8
Nauru,NRU,2010,59.5
Nauru,NRU,2012,57.5
Nauru,NRU,2014,55.7
Nauru,NRU,2016,53.9
Nauru,NRU,2018,52.1
Nepal,NPL,2007,49
Nepal,NPL,2010,43.4
Nepal,NPL,2012,40
Nepal,NPL,2014,37
Nepal,NPL,2016,34.3
Nepal,NPL,2018,31.9
Netherlands,NLD,2007,28.4
Netherlands,NLD,2010,27
Netherlands,NLD,2012,26.1
Netherlands,NLD,2014,25.1
Netherlands,NLD,2016,24.3
Netherlands,NLD,2018,23.4
New Zealand,NZL,2007,22.5
New Zealand,NZL,2010,20.1
New Zealand,NZL,2012,18.6
New Zealand,NZL,2014,17.3
New Zealand,NZL,2016,16
New Zealand,NZL,2018,14.8
Niger,NER,2007,8
Niger,NER,2010,8.1
Niger,NER,2012,8.3
Niger,NER,2014,8.4
Niger,NER,2016,8.4
Niger,NER,2018,8.6
Nigeria,NGA,2007,6.1
Nigeria,NGA,2010,5.7
Nigeria,NGA,2012,5.4
Nigeria,NGA,2014,5.2
Nigeria,NGA,2016,5
Nigeria,NGA,2018,4.8
North America,,2007,28.997605698605
North America,,2010,27.5698224878515
North America,,2012,26.7238503080262
North America,,2014,25.8078161132184
North America,,2016,25.0135386701797
North America,,2018,24.3017132229155
North Korea,PRK,2007,20.3
North Korea,PRK,2010,19.8
North Korea,PRK,2012,19.5
North Korea,PRK,2014,19.2
North Korea,PRK,2016,19
North Korea,PRK,2018,18.8
Norway,NOR,2007,20.7
Norway,NOR,2010,18.2
Norway,NOR,2012,16.7
Norway,NOR,2014,15.4
Norway,NOR,2016,14.1
Norway,NOR,2018,13
OECD members,,2007,28.9452445294849
OECD members,,2010,27.3125842048424
OECD members,,2012,26.3564316664942
OECD members,,2014,25.4205826060824
OECD members,,2016,24.5861982389365
OECD members,,2018,23.791912268583
Oman,OMN,2007,9.5
Oman,OMN,2010,9.6
Oman,OMN,2012,9.5
Oman,OMN,2014,9.6
Oman,OMN,2016,9.6
Oman,OMN,2018,9.6
Other small states,,2007,26.7380937660887
Other small states,,2010,25.1300370232167
Other small states,,2012,24.3093343048483
Other small states,,2014,23.625080758541
Other small states,,2016,23.0630686481452
Other small states,,2018,22.6038069533875
Pacific island small states,,2007,34.3229626020124
Pacific island small states,,2010,33.2601974099546
Pacific island small states,,2012,32.7158897064118
Pacific island small states,,2014,32.0674981887063
Pacific island small states,,2016,31.463512816346
Pacific island small states,,2018,31.0274649916481
Pakistan,PAK,2007,30.7
Pakistan,PAK,2010,27.1
Pakistan,PAK,2012,25.1
Pakistan,PAK,2014,23.2
Pakistan,PAK,2016,21.6
Pakistan,PAK,2018,20
Palau,PLW,2007,29.5
Palau,PLW,2010,27.7
Palau,PLW,2012,26.6
Palau,PLW,2014,25.7
Palau,PLW,2016,24.7
Palau,PLW,2018,23.7
Panama,PAN,2007,11.8
Panama,PAN,2010,10.1
Panama,PAN,2012,9.2
Panama,PAN,2014,8.3
Panama,PAN,2016,7.6
Panama,PAN,2018,6.9
Paraguay,PRY,2007,21.2
Paraguay,PRY,2010,18.5
Paraguay,PRY,2012,16.8
Paraguay,PRY,2014,15.4
Paraguay,PRY,2016,14
Paraguay,PRY,2018,12.8
Peru,PER,2007,20.6
Peru,PER,2010,16.6
Peru,PER,2012,14.5
Peru,PER,2014,12.6
Peru,PER,2016,11
Peru,PER,2018,9.6
Philippines,PHL,2007,30.5
Philippines,PHL,2010,28.6
Philippines,PHL,2012,27.4
Philippines,PHL,2014,26.2
Philippines,PHL,2016,25.1
Philippines,PHL,2018,24.3
Poland,POL,2007,34.1
Poland,POL,2010,31.6
Poland,POL,2012,30.1
Poland,POL,2014,28.6
Poland,POL,2016,27.4
Poland,POL,2018,26
Portugal,PRT,2007,26.1
Portugal,PRT,2010,26.4
Portugal,PRT,2012,26.8
Portugal,PRT,2014,27.1
Portugal,PRT,2016,27.5
Portugal,PRT,2018,27.9
Post-demographic dividend,,2007,30.1116748842368
Post-demographic dividend,,2010,28.4503063528929
Post-demographic dividend,,2012,27.4917672206202
Post-demographic dividend,,2014,26.5479756753442
Post-demographic dividend,,2016,25.6945552128879
Post-demographic dividend,,2018,24.9086794126874
Pre-demographic dividend,,2007,14.5554930765592
Pre-demographic dividend,,2010,13.4766828579068
Pre-demographic dividend,,2012,12.8611180791299
Pre-demographic dividend,,2014,12.3035811762535
Pre-demographic dividend,,2016,11.7759026188479
Pre-demographic dividend,,2018,11.2942044275726
Qatar,QAT,2007,14.9
Qatar,QAT,2010,14.5
Qatar,QAT,2012,14.3
Qatar,QAT,2014,14.3
Qatar,QAT,2016,14.1
Qatar,QAT,2018,14
Romania,ROU,2007,34.4
Romania,ROU,2010,31.6
Romania,ROU,2012,29.8
Romania,ROU,2014,28.3
Romania,ROU,2016,26.8
Romania,ROU,2018,25.5
Russia,RUS,2007,31.5
Russia,RUS,2010,30.6
Russia,RUS,2012,29.9
Russia,RUS,2014,29.3
Russia,RUS,2016,28.7
Russia,RUS,2018,28.3
Rwanda,RWA,2007,17
Rwanda,RWA,2010,15.9
Rwanda,RWA,2012,15.2
Rwanda,RWA,2014,14.5
Rwanda,RWA,2016,13.9
Rwanda,RWA,2018,13.3
Samoa,WSM,2007,35.6
Samoa,WSM,2010,33.5
Samoa,WSM,2012,32.3
Samoa,WSM,2014,31
Samoa,WSM,2016,29.9
Samoa,WSM,2018,28.9
Sao Tome and Principe,STP,2007,5.9
Sao Tome and Principe,STP,2010,5.7
Sao Tome and Principe,STP,2012,5.6
Sao Tome and Principe,STP,2014,5.6
Sao Tome and Principe,STP,2016,5.5
Sao Tome and Principe,STP,2018,5.4
Saudi Arabia,SAU,2007,16.8
Saudi Arabia,SAU,2010,16.6
Saudi Arabia,SAU,2012,16.6
Saudi Arabia,SAU,2014,16.7
Saudi Arabia,SAU,2016,16.6
Saudi Arabia,SAU,2018,16.6
Senegal,SEN,2007,12.1
Senegal,SEN,2010,11.2
Senegal,SEN,2012,10.6
Senegal,SEN,2014,10
Senegal,SEN,2016,9.5
Senegal,SEN,2018,9.1
Serbia,SRB,2007,43.6
Serbia,SRB,2010,42.7
Serbia,SRB,2012,42.2
Serbia,SRB,2014,41.7
Serbia,SRB,2016,41.2
Serbia,SRB,2018,40.6
Seychelles,SYC,2007,23.7
Seychelles,SYC,2010,22.9
Seychelles,SYC,2012,22.4
Seychelles,SYC,2014,21.9
Seychelles,SYC,2016,21.5
Seychelles,SYC,2018,21.1
Sierra Leone,SLE,2007,28.6
Sierra Leone,SLE,2010,25.7
Sierra Leone,SLE,2012,24
Sierra Leone,SLE,2014,22.5
Sierra Leone,SLE,2016,21.1
Sierra Leone,SLE,2018,19.8
Singapore,SGP,2007,16.5
Singapore,SGP,2010,16.5
Singapore,SGP,2012,16.5
Singapore,SGP,2014,16.5
Singapore,SGP,2016,16.6
Singapore,SGP,2018,16.5
Slovakia,SVK,2007,31.9
Slovakia,SVK,2010,31.9
Slovakia,SVK,2012,32
Slovakia,SVK,2014,32.1
Slovakia,SVK,2016,32.1
Slovakia,SVK,2018,32.3
Slovenia,SVN,2007,24.3
Slovenia,SVN,2010,23.8
Slovenia,SVN,2012,23.5
Slovenia,SVN,2014,23.3
Slovenia,SVN,2016,23
Slovenia,SVN,2018,22.7
Small states,,2007,25.2505815550045
Small states,,2010,23.7995853578803
Small states,,2012,23.0090867632614
Small states,,2014,22.3398605483258
Small states,,2016,21.7651317160918
Small states,,2018,21.3215337656457
Solomon Islands,SLB,2007,40.4
Solomon Islands,SLB,2010,39.5
Solomon Islands,SLB,2012,39.1
Solomon Islands,SLB,2014,38.6
Solomon Islands,SLB,2016,38.1
Solomon Islands,SLB,2018,37.9
South Africa,ZAF,2007,35
South Africa,ZAF,2010,33.9
South Africa,ZAF,2012,33.1
South Africa,ZAF,2014,32.5
South Africa,ZAF,2016,32
South Africa,ZAF,2018,31.4
South Asia,,2007,38.3516797555211
South Asia,,2010,34.8056673352696
South Asia,,2012,32.7105363112518
South Asia,,2014,30.786924068312
South Asia,,2016,29.0780149705397
South Asia,,2018,27.3747656735438
South Asia (IDA & IBRD),,2007,38.3516797555211
South Asia (IDA & IBRD),,2010,34.8056673352696
South Asia (IDA & IBRD),,2012,32.7105363112518
South Asia (IDA & IBRD),,2014,30.786924068312
South Asia (IDA & IBRD),,2016,29.0780149705397
South Asia (IDA & IBRD),,2018,27.3747656735438
South Korea,KOR,2007,29.1
South Korea,KOR,2010,26.9
South Korea,KOR,2012,25.7
South Korea,KOR,2014,24.4
South Korea,KOR,2016,23.3
South Korea,KOR,2018,22
Spain,ESP,2007,33.3
Spain,ESP,2010,31.6
Spain,ESP,2012,30.6
Spain,ESP,2014,29.6
Spain,ESP,2016,28.8
Spain,ESP,2018,27.9
Sri Lanka,LKA,2007,25.5
Sri Lanka,LKA,2010,24.6
Sri Lanka,LKA,2012,24.1
Sri Lanka,LKA,2014,23.6
Sri Lanka,LKA,2016,23.3
Sri Lanka,LKA,2018,22.9
Sub-Saharan Africa,,2007,14.7650580151859
Sub-Saharan Africa,,2010,13.7270772615088
Sub-Saharan Africa,,2012,13.071798134217
Sub-Saharan Africa,,2014,12.4869024269528
Sub-Saharan Africa,,2016,11.9524517087862
Sub-Saharan Africa,,2018,11.4485000242946
Sub-Saharan Africa (IDA & IBRD),,2007,14.7650580151858
Sub-Saharan Africa (IDA & IBRD),,2010,13.7270772615088
Sub-Saharan Africa (IDA & IBRD),,2012,13.071798134217
Sub-Saharan Africa (IDA & IBRD),,2014,12.4869024269528
Sub-Saharan Africa (IDA & IBRD),,2016,11.9524517087862
Sub-Saharan Africa (IDA & IBRD),,2018,11.4485000242946
Sub-Saharan Africa (excluding high income),,2007,14.763487111494
Sub-Saharan Africa (excluding high income),,2010,13.7254781330772
Sub-Saharan Africa (excluding high income),,2012,13.0702868865276
Sub-Saharan Africa (excluding high income),,2014,12.4854186727914
Sub-Saharan Africa (excluding high income),,2016,11.9509876027606
Sub-Saharan Africa (excluding high income),,2018,11.4470816175781
Sweden,SWE,2007,41.7
Sweden,SWE,2010,37.6
Sweden,SWE,2012,35.1
Sweden,SWE,2014,32.9
Sweden,SWE,2016,30.8
Sweden,SWE,2018,28.8
Switzerland,CHE,2007,27.1
Switzerland,CHE,2010,26.6
Switzerland,CHE,2012,26.2
Switzerland,CHE,2014,25.9
Switzerland,CHE,2016,25.4
Switzerland,CHE,2018,25.1
Tanzania,TZA,2007,18.7
Tanzania,TZA,2010,17
Tanzania,TZA,2012,16
Tanzania,TZA,2014,15
Tanzania,TZA,2016,14.1
Tanzania,TZA,2018,13.3
Thailand,THA,2007,28.1
Thailand,THA,2010,26.5
Thailand,THA,2012,25.4
Thailand,THA,2014,24.5
Thailand,THA,2016,23.6
Thailand,THA,2018,22.8
Timor,TLS,2007,48.5
Timor,TLS,2010,45.6
Timor,TLS,2012,43.7
Timor,TLS,2014,41.8
Timor,TLS,2016,39.9
Timor,TLS,2018,38.2
Togo,TGO,2007,9.9
Togo,TGO,2010,9.2
Togo,TGO,2012,8.8
Togo,TGO,2014,8.3
Togo,TGO,2016,7.9
Togo,TGO,2018,7.6
Tonga,TON,2007,31.7
Tonga,TON,2010,31.3
Tonga,TON,2012,31
Tonga,TON,2014,30.7
Tonga,TON,2016,30.4
Tonga,TON,2018,30.2
Tunisia,TUN,2007,33.6
Tunisia,TUN,2010,31.3
Tunisia,TUN,2012,29.9
Tunisia,TUN,2014,28.6
Tunisia,TUN,2016,27.1
Tunisia,TUN,2018,26
Turkey,TUR,2007,32.6
Turkey,TUR,2010,31.7
Turkey,TUR,2012,31
Turkey,TUR,2014,30.4
Turkey,TUR,2016,29.8
Turkey,TUR,2018,29.3
Tuvalu,TUV,2007,56.7
Tuvalu,TUV,2010,54.4
Tuvalu,TUV,2012,52.9
Tuvalu,TUV,2014,51.4
Tuvalu,TUV,2016,50
Tuvalu,TUV,2018,48.7
Uganda,UGA,2007,17.3
Uganda,UGA,2010,14.8
Uganda,UGA,2012,13.4
Uganda,UGA,2014,12
Uganda,UGA,2016,10.9
Uganda,UGA,2018,9.8
Ukraine,UKR,2007,32.9
Ukraine,UKR,2010,30.7
Ukraine,UKR,2012,29.3
Ukraine,UKR,2014,28
Ukraine,UKR,2016,26.6
Ukraine,UKR,2018,25.5
United Arab Emirates,ARE,2007,20
United Arab Emirates,ARE,2010,19.4
United Arab Emirates,ARE,2012,19.1
United Arab Emirates,ARE,2014,18.9
United Arab Emirates,ARE,2016,18.5
United Arab Emirates,ARE,2018,18.2
United Kingdom,GBR,2007,30.3
United Kingdom,GBR,2010,25.4
United Kingdom,GBR,2012,23.7
United Kingdom,GBR,2014,22
United Kingdom,GBR,2016,20.6
United Kingdom,GBR,2018,19.2
United States,USA,2007,29.1
United States,USA,2010,27.9
United States,USA,2012,27.2
United States,USA,2014,26.4
United States,USA,2016,25.7
United States,USA,2018,25.1
Upper middle income,,2007,27.3613684769502
Upper middle income,,2010,26.1785983669862
Upper middle income,,2012,25.3979995116152
Upper middle income,,2014,24.6005017607233
Upper middle income,,2016,23.9413306813137
Upper middle income,,2018,23.3113744112248
Uruguay,URY,2007,31.1
Uruguay,URY,2010,28.3
Uruguay,URY,2012,26.4
Uruguay,URY,2014,24.7
Uruguay,URY,2016,23.2
Uruguay,URY,2018,21.8
Uzbekistan,UZB,2007,14.4
Uzbekistan,UZB,2010,13.8
Uzbekistan,UZB,2012,13.4
Uzbekistan,UZB,2014,13
Uzbekistan,UZB,2016,12.6
Uzbekistan,UZB,2018,12.3
Vanuatu,VUT,2007,28.3
Vanuatu,VUT,2010,27.2
Vanuatu,VUT,2012,26.2
Vanuatu,VUT,2014,25.6
Vanuatu,VUT,2016,24.8
Vanuatu,VUT,2018,24.1
World,OWID_WRL,2007,29.680636333861
World,OWID_WRL,2010,27.8670072615142
World,OWID_WRL,2012,26.7552306678254
World,OWID_WRL,2014,25.6889459438251
World,OWID_WRL,2016,24.7393405917325
World,OWID_WRL,2018,23.8250238468837
Yemen,YEM,2007,26.2
Yemen,YEM,2010,24.5
Yemen,YEM,2012,23.5
Yemen,YEM,2014,22.6
Yemen,YEM,2016,21.7
Yemen,YEM,2018,20.9
Zambia,ZMB,2007,17.6
Zambia,ZMB,2010,16.7
Zambia,ZMB,2012,16.2
Zambia,ZMB,2014,15.7
Zambia,ZMB,2016,15.2
Zambia,ZMB,2018,14.7
Zimbabwe,ZWE,2007,16.4
Zimbabwe,ZWE,2010,15.6
Zimbabwe,ZWE,2012,15.2
Zimbabwe,ZWE,2014,14.7
Zimbabwe,ZWE,2016,14.3
Zimbabwe,ZWE,2018,13.9